Expression,PitchAccent,Example,Type,Meaning,ExampleTranslate,Yomikata
国際[こくさい] オリンピック 委員会[いいんかい]（IOC）,—,IOCは 国際[こくさい] オリンピック 委員会[いいんかい]の 略[りゃく]です。,名詞,國際奧委會,IOC是國際奧委會的縮寫。,こくさい・いいんかい
愛情[あいじょう],[0]（平板）,彼[かれ]の 愛情[あいじょう]は 深[ふか]いです。,名詞,情感，愛,他的感情很深。,あいじょう
アイディア,[4]（頭高）,いい アイディアが 浮[う]かびました。,名詞,主意，點子,我想到了一個好點子。,あいでぃあ
空[あ]き地[ち],[0]（平板）,近所[きんじょ]に 空[あ]き地[ち]が あります。,名詞,空地,附近有一塊空地。,あきち
明[あき]らかになる,[2]（中高）,理由[りゆう]が 明[あき]らかになりました。,動詞（句型）,弄清楚，變清晰,理由變得清楚了。,あきらかになる
諦[あきら]める,[4]（頭高）,夢[ゆめ]を 諦[あきら]めないでください。,動詞（る動詞）,放棄,請不要放棄夢想。,あきらめる
呆[あき]れる,[0]（平板）,彼[かれ]の 態度[たいど]に 呆[あき]れました。,動詞（る動詞）,吃驚，愕然,我對他的態度感到吃驚。,あきれる
空[あ]く（時間[じかん]／席[せき]が〜）,[0]（平板）,席[せき]が 空[あ]いています。,動詞（う動詞）,空出（時間／位子）,座位空著。,あく
あくび（する）,[0]（平板）,授業[じゅぎょう]中[ちゅう]に あくびをしました。,名詞／動詞（する）,打哈欠,上課時打了哈欠。,あくび（する）
憧[あこが]れる,[0]（平板）,日本[にほん]の 生活[せいかつ]に 憧[あこが]れています。,動詞（る動詞）,憧憬，嚮往,我嚮往日本的生活。,あこがれる
朝市[あさいち],[3]（中高）,週末[しゅうまつ]に 朝市[あさいち]へ 行[い]きました。,名詞,早市，早晨的市場,我週末去了早市。,あさいち
朝寝坊[あさねぼう],[4]（頭高）,今朝[けさ]は 朝寝坊[あさねぼう]しました。,名詞／動詞（する）,睡懶覺，睡過頭,今天早上睡過頭了。,あさねぼう
足跡[あしあと],[4]（頭高）,砂浜[すなはま]に 足跡[あしあと]が 残[のこ]っています。,名詞,足跡、腳印,沙灘上留下腳印。,あしあと
足[あし]が 重[おも]い,—,今日は 足[あし]が 重[おも]くて 外[そと]に 出[で]たくない。,慣用句,腳沉重；懶得出門,今天覺得腿很沉，不想出門。,あしがおもい
味[あじ]つけ,[0]（平板）,味[あじ]つけが 濃[こ]いです。,名詞,調味,味道太重了。,あじつけ
足元[あしもと],[4]（頭高）,足元[あしもと]に 気[き]を つけてください。,名詞,腳下，腳邊,請注意腳下。,あしもと
足[あし]を 止[と]める,—,花[はな]を 見[み]て 足[あし]を 止[と]めました。,動詞句,駐足，停下腳步,看到花時停下腳步。,あしをとめる
慌[あわ]てる,[0]（平板）,財布[さいふ]を 忘[わす]れて 慌[あわ]てた。,動詞（る動詞）,慌張，焦躁,忘了帶錢包，慌了手腳。,あわてる
頭[あたま]に 浮[う]かぶ,—,昔[むかし]の 思[おも]い出[で]が 頭[あたま]に 浮[う]かんだ。,動詞句,浮現在腦海,過去的回憶浮現在腦海中。,あたまにうかぶ
（賞品[しょうひん]が）当[あ]たる,[0]（平板）,くじに 当[あ]たりました。,動詞（う動詞）,中獎、獲得（獎品）,中獎了。,あたる
あちこち（＝あちらこちら）,[2]（中高）,あちこちに 花[はな]が 咲[さ]いています。,副詞,到處，這裡那裡,到處都開著花。,あちこち
あっという間[ま]に,[0]（平板）,夏休[なつやす]みが あっという間[ま]に 終[お]わった。,副詞,轉眼之間,暑假轉眼就結束了。,あっというまに
宛先[あてさき],[0]（平板）,メールの 宛先[あてさき]を 間違[まちが]えました。,名詞,收信人、收件地址,寄信地址寫錯了。,あてさき
アドバイス（する）,[1]（中高）,先生[せんせい]に アドバイスを もらいました。,名詞／動詞（する）,建議，給意見,受到了老師的建議。,あどばいす（する）
アニメ,[1]（中高）,日本[にほん]の アニメが 好[す]きです。,名詞,動畫，動畫片,我喜歡日本動畫。,あにめ
油[あぶら],[0]（平板）,フライパンに 油[あぶら]を 入[い]れます。,名詞,油,在平底鍋裡倒油。,あぶら
甘[あま]い,[0]（平板）,この ケーキは 甘[あま]いです。,形容詞（い形）,甜的；不嚴厲的,這個蛋糕很甜。,あまい
甘口[あまくち],[0]（平板）,甘口[あまくち]の カレーが 好[す]きです。,名詞／形容詞,甜味；偏甜,我喜歡甜味咖哩。,あまくち
甘[あま]やかす,[4]（頭高）,子供[こども]を 甘[あま]やかしてはいけません。,動詞（す動詞）,溺愛、縱容,不可以太寵小孩。,あまやかす
編[あ]む,[1]（中高）,セーターを 編[あ]みます。,動詞（う動詞）,編織,編毛衣。,あむ
謝[あやま]る,[3]（中高）,友達[ともだち]に 謝[あやま]りました。,動詞（う動詞）,道歉,向朋友道歉了。,あやまる
洗[あら]い流[なが]す,—,汚[よご]れを 洗[あら]い流[なが]した。,動詞句,沖掉，洗掉,把髒污沖掉了。,あらいながす
改[あらた]めて,[3]（中高）,改[あらた]めて お 礼[れい]を 申[もう]し上[あ]げます。,副詞,重新，再次,再次向您致謝。,あらためて
表[あらわ]れる,[4]（頭高）,笑顔[えがお]が 表[あらわ]れました。,動詞（る動詞）,出現，表現出,露出了笑容。,あらわれる
アレルギー,[2]（中高）,花粉[かふん]アレルギーです。,名詞,過敏,我有花粉過敏。,あれるぎー
慌[あわ]てる,[0]（平板）,財布[さいふ]を 落[お]として 慌[あわ]てました。,動詞（る動詞）,慌張、急忙,掉了錢包，慌了手腳。,あわてる
安全[あんぜん]面[めん],—,安全[あんぜん]面[めん]から 検討[けんとう]します。,名詞,安全方面,從安全的角度來考慮。,あんぜんめん
胃[い],[0]（平板）,胃[い]が 痛[いた]いです。,名詞,胃,胃痛。,い
委員[いいん],[2]（中高）,クラス 委員[いいん]に なりました。,名詞,委員，委員成員,成為班級委員。,いいん
意外[いがい]（な）,[0]（平板）,意外[いがい]な 結果[けっか]でした。,名詞／な形容詞,意外，出乎意料,結果出乎意料。,いがい
医学[いがく],[1]（中高）,医学[いがく]を 勉強[べんきょう]しています。,名詞,醫學,我在學醫學。,いがく
生[い]かす,[2]（中高）,経験[けいけん]を 仕事[しごと]に 生[い]かす。,動詞（う動詞）,活用，使發揮作用,把經驗用於工作上。,いかす
息[いき]が 切[き]れる,—,走[はし]って 息[いき]が 切[き]れた。,動詞句,氣喘；做事半途而廢,跑步後喘不過氣。,いきがきれる
息[いき]が 止[と]まる,—,驚[おどろ]いて 息[いき]が 止[と]まりました。,動詞句,停止呼吸；窒息,因太驚訝而屏住呼吸。,いきがとまる
育児[いくじ],[1]（中高）,育児[いくじ]が 大変[たいへん]です。,名詞,育兒,育兒很辛苦。,いくじ
意見[いけん]を 言[い]い合[あ]う,—,みんなで 意見[いけん]を 言[い]い合[あ]った。,動詞句,交換意見；分享看法,大家互相交換意見。,いけんをいいあう
いじめる,[0]（平板）,弱[よわ]い 子[こ]を いじめてはいけません。,動詞（る動詞）,欺負，欺壓,不可以欺負弱小。,いじめる
異常[いじょう],[0]（平板）,機械[きかい]に 異常[いじょう]が あります。,名詞,異常,機器有異常。,いじょう
意地悪[いじわる]（な）,[3]（中高）,意地悪[いじわる]な 人[ひと]が います。,名詞／な形容詞,壞心眼，惡意,有個壞心眼的人。,いじわる
以前[いぜん],[1]（中高）,以前[いぜん]ここに 住[す]んでいました。,名詞／副詞,以前，以前的時候,以前住在這裡。,いぜん
いたずら,[0]（平板）,子供[こども]が いたずらをした。,名詞,淘氣，惡作劇,小孩惡作劇了。,いたずら
傷[いた]む,[2]（中高）,果物[くだもの]が 傷[いた]んでいる。,動詞（う動詞）,腐壞，損壞,水果壞掉了。,いたむ
苺[いちご],[0]（平板）,苺[いちご]を 食[た]べたい。,名詞,草莓,想吃草莓。,いちご
一流[いちりゅう],[0]（平板）,彼[かれ]は 一流[いちりゅう]の 選手[せんしゅ]です。,名詞,一流，頂尖,他是一流選手。,いちりゅう
一気[いっき]に,[1]（中高）,一気[いっき]に 飲[の]みました。,副詞,一口氣,一口氣喝完。,いっきに
一斉[いっせい]に,[0]（平板）,一斉[いっせい]に 走[はし]り出[だ]した。,副詞,一齊，同時,大家同時跑出去。,いっせいに
一定[いってい],[0]（平板）,一定[いってい]の 速[はや]さで 走[はし]る。,名詞／副詞,一定程度，固定,以一定速度跑步。,いってい
一般[いっぱん],[0]（平板）,一般[いっぱん]の 人[ひと]でも 理解[りかい]できる。,名詞／形容動詞,一般，普通,一般人也能理解。,いっぱん
常識[じょうしき],[0]（平板）,それは 一般[いっぱん]常識[じょうしき]です。,名詞,一般常識,那是基本常識。,じょうしき
一歩[いっぽ]も 歩[ある]けない,—,疲[つか]れて 一歩[いっぽ]も 歩[ある]けない。,慣用句,一步也走不動,太累了，一步也走不動。,いっぽもあるけない
田舎[いなか],[0]（平板）,田舎[いなか]に 帰[かえ]ります。,名詞,鄉下，老家,回鄉下老家。,いなか
イベント,[0]（平板）,学校[がっこう]の イベントに 参加[さんか]します。,名詞,活動,參加學校活動。,いべんと
嫌[いや]な,[2]（中高）,嫌[いや]な 匂[にお]いが します。,形容動詞（な形）,討厭的，不喜歡的,有股討厭的味道。,いやな
～員[いん],—,銀行員[ぎんこういん]や 会社員[かいしゃいん]などがあります。,接尾語,表示某組織、團體中的一員，或擔任某項職務的人,如銀行員、公司職員等。,いん
印象[いんしょう],[0]（平板）,第一[だいいち]印象[いんしょう]が 大事[だいじ]です。,名詞,印象,第一印象很重要。,いんしょう
インターンシップ,[6]（頭高）,夏[なつ]に インターンシップに 参加[さんか]しました。,名詞,實習,夏天參加了實習。,いんたーんしっぷ
引退[いんたい]（する）,[0]（平板）,父[ちち]は 去年[きょねん] 引退[いんたい]しました。,名詞／動詞（する）,引退，退職,父親去年退休了。,いんたい
ウイルス,[2]（中高）,コンピューターに ウイルスが 入[はい]った。,名詞,病毒,電腦中了病毒。,ういるす
ウイルスソフト,—,ウイルスソフトを 更新[こうしん]しました。,名詞,防毒軟體,更新了防毒軟體。,ういるすそふと
ウェディングドレス,[7]（頭高）,ウェディングドレスを 着[き]ています。,名詞,婚紗,穿著婚紗。,うぇでぃんぐどれす
受[う]かる,[2]（中高）,試験[しけん]に 受[う]かりました。,動詞（う動詞）,考上，通過（考試）,考試通過了。,うかる
受[う]け 付[つ]ける,[0]（平板）,申込書[もうしこみしょ]を 受[う]け 付[つ]けました。,動詞（る動詞）,接待，受理,已經受理報名表。,うけつける
ウサギ,[0]（平板）,白[しろ]い ウサギが 跳[は]ねています。,名詞,兔子,白兔在跳。,うさぎ
失[うしな]う,[0]（平板）,信頼[しんらい]を 失[うしな]いました。,動詞（う動詞）,失去,失去了信任。,うしなう
（空気[くうき]が）薄[うす]い,[0]（平板）,山[やま]の 上[うえ]は 空気[くうき]が 薄[うす]いです。,形容詞（い形）,稀薄的（空氣）,山上空氣稀薄。,うすい
嘘[うそ],[1]（中高）,嘘[うそ]を つかないでください。,名詞,謊言,請不要說謊。,うそ
嘘[うそ]を つく,—,子供[こども]が 嘘[うそ]を ついた。,動詞句,說謊，撒謊,小孩說謊了。,うそをつく
（銃[じゅう]で）撃[う]つ,[1]（中高）,ハンターが 銃[じゅう]で 撃[う]った。,動詞（う動詞）,開槍,獵人開了槍。,うつ
写[うつ]す,[2]（中高）,書類[しょるい]を 写[うつ]しました。,動詞（う動詞）,複寫，影印,複製了文件。,うつす
（病気[びょうき]が）うつる,[2]（中高）,風邪[かぜ]が うつりました。,動詞（う動詞）,傳染（疾病）,感冒傳染了。,うつる
うどん,[0]（平板）,昼[ひる]に うどんを 食[た]べました。,名詞,烏龍麵,午餐吃了烏龍麵。,うどん
鰻[うなぎ],[0]（平板）,鰻[うなぎ]の ご飯[はん]を 食[た]べた。,名詞,鰻魚,吃了鰻魚飯。,うなぎ
馬[うま],[2]（中高）,馬[うま]に 乗[の]ったことが あります。,名詞,馬,曾經騎過馬。,うま
生[う]まれ 育[そだ]つ,—,台湾[たいわん]で 生[う]まれ 育[そだ]ちました。,動詞句,出生成長，土生土長,在台灣出生長大。,うまれそだつ
生[う]まれつき,[0]（平板）,生[う]まれつき 優[やさ]しい 人[ひと]です。,副詞,天生，與生俱來,他是個天生溫柔的人。,うまれつき
応募[おうぼ]（する）,[0]（平板）,会社[かいしゃ]に 応募[おうぼ]しました。,名詞／動詞（する）,報名，應徵,我報名應徵了公司職缺。,おうぼ
大雨[おおあめ],[3]（中高）,昨日[きのう]は 大雨[おおあめ]でした。,名詞,大雨,昨天下了大雨。,おおあめ
大型[おおがた],[0]（平板）,大型[おおがた]トラックが 通[とお]った。,名詞,大型，巨型,一輛大型卡車經過。,おおがた
多[おお]くの,[1]（中高）,多[おお]くの 人[ひと]が 集[あつ]まった。,連體詞,很多，大量的,聚集了許多人。,おおくの
大声[おおごえ],[3]（中高）,大声[おおごえ]で 話[はな]さないで。,名詞,大聲,不要大聲說話。,おおごえ
大騒[おおさわ]ぎ,[3]（中高）,会場[かいじょう]が 大騒[おおさわ]ぎになった。,名詞,騷亂，大吵大鬧；轟動,會場一片騷動。,おおさわぎ
大粒[おおつぶ]の 雨[あめ],—,大粒[おおつぶ]の 雨[あめ]が 降[ふ]っている。,名詞句,磅礡大雨,下著傾盆大雨。,おおつぶのあめ
大幅[おおはば]に,[0]（平板）,売上[うりあげ]が 大幅[おおはば]に 増[ふ]えた。,副詞,大幅度地，廣泛地,銷售額大幅成長。,おおはばに
オープン（する）,[1]（中高）,新[あたら]しい 店[みせ]が オープンした。,名詞／動詞（する）,開啟，開設,新店開幕了。,おーぷん
大家[おおや],[1]（中高）,大家[おおや]に 家賃[やちん]を 払[はら]う。,名詞,房東,向房東付房租。,おおや
起[お]き上[あ]がる,[4]（頭高）,転[ころ]んでも すぐ 起[お]き上[あ]がった。,動詞（う動詞）,起來，爬起來,摔倒後馬上爬起來。,おきあがる
お気[き]に 入[い]り,[0]（平板）,これは 私[わたし]の お気[き]に 入[い]りの 店[みせ]です。,名詞,心愛的人／物，喜歡的人／物,這是我最喜歡的店。,おきにいり
奥[おく],[1]（中高）,店[みせ]の 奥[おく]に 座[すわ]ってください。,名詞,裡面，內部，最裡面,請坐到店裡裡面。,おく
屋上[おくじょう],[0]（平板）,屋上[おくじょう]で 休[やす]んでいます。,名詞,屋頂,在屋頂休息。,おくじょう
贈[おく]る,[0]（平板）,先生[せんせい]に 花[はな]を 贈[おく]りました。,動詞（う動詞）,贈送,送花給老師。,おくる
おじ,[0]（平板）,おじは 医者[いしゃ]です。,名詞,叔叔，伯伯，舅舅,我叔叔是醫生。,おじ
おしゃべり（する）,[2]（中高）,友達[ともだち]と おしゃべりしました。,名詞／動詞（する）,聊天，閒談,和朋友聊天了。,おしゃべり（する）
おしゃべり（な）,[2]（中高）,おしゃべりな 人[ひと]ですね。,形容動詞（な形）,話多的，多嘴的,你很愛講話呢。,おしゃべりな
お嬢[じょう]さん,[2]（中高）,社長[しゃちょう]の お嬢[じょう]さんですか。,名詞,令嬡（對他人女兒的尊稱）,您是社長的千金嗎？,おじょうさん
お相撲[すもう]さん,[0]（平板）,お相撲[すもう]さんが 通[とお]りました。,名詞,相撲選手,相撲力士經過了。,おすもうさん
お互[たが]い,[0]（平板）,お互[たが]いに 助[たす]け合[あ]おう。,名詞／副詞,互相,彼此互相幫助吧。,おたがい
落[お]ち込[こ]む,[0]（平板）,テストで 悪[わる]い 点[てん]を 取[と]って 落[お]ち込[こ]んだ。,動詞（う動詞）,失落，沮喪,因考得差而沮喪。,おちこむ
お茶会[ちゃかい],[0]（平板）,友達[ともだち]と お茶会[ちゃかい]を 開[ひら]きました。,名詞,茶會,和朋友舉辦了茶會。,おちゃかい
（お）年寄[としより],[4]（頭高）,お年寄[としより]に 席[せき]を 譲[ゆず]ります。,名詞,老年人，年長者,讓座給老人家。,おとしより
訪[おとず]れる,[4]（頭高）,春[はる]が 訪[おとず]れました。,動詞（る動詞）,拜訪，來臨,春天來了。,おとずれる
お褒[ほ]めの 言葉[ことば],—,先生[せんせい]から お褒[ほ]めの 言葉[ことば]を いただきました。,名詞句,表揚的話，讚美,受到老師的稱讚。,おほめのことば
お巡[まわ]りさん,[3]（中高）,お巡[まわ]りさんに 道[みち]を 聞[き]きました。,名詞,巡邏員，警察,問了警察路怎麼走。,おまわりさん
お見舞[みま]い,[0]（平板）,友達[ともだち]を お見舞[みま]いしました。,名詞／動詞（する）,探望，探病,去探望了朋友。,おみまい
思[おも]い出[だ]す,[4]（頭高）,子供[こども]のころを 思[おも]い出[だ]しました。,動詞（う動詞）,想起來，回想起,想起小時候的事。,おもいだす
思[おも]い通[どお]り,[4]（頭高）,すべて 思[おも]い通[どお]りに 進[すす]みました。,名詞／副詞,稱心如意，如預想般,一切如預期般進行。,おもいどおり
おもちゃ,[2]（中高）,子供[こども]に おもちゃを 買[か]いました。,名詞,玩具,給小孩買了玩具。,おもちゃ
思[おも]ったほど～ない,—,思[おも]ったほど 難[むずか]しくなかった。,句型,不如想像的～,沒想像中那麼難。,おもったほど～ない
オリンピック,[4]（頭高）,来年[らいねん]の オリンピックを 楽[たの]しみにしている。,名詞,奧運會,很期待明年的奧運。,おりんぴっく
俺[おれ],[0]（平板）,俺[おれ]も 行[い]くよ。,代名詞（男性用）,我（男性自稱，口語）,我也要去。,おれ
お詫[わ]び,[0]（平板）,ご迷惑[めいわく]をかけて お詫[わ]びします。,名詞,道歉，致歉,對造成困擾表示歉意。,おわび
音楽家[おんがくか],[0]（平板）,彼[かれ]は 有名[ゆうめい]な 音楽家[おんがくか]です。,名詞,音樂家,他是位有名的音樂家。,おんがくか
温暖[おんだん]な,[0]（平板）,温暖[おんだん]な 気候[きこう]です。,形容動詞（な形）,溫暖的,氣候很溫暖。,おんだんな
御礼[おんれい],[0]（平板）,心[こころ]からの 御礼[おんれい]を 申[もう]し上[あ]げます。,名詞,感謝，致謝（比お礼更敬語）,,
ガーデニング,[4]（頭高）,ガーデニングが 趣味[しゅみ]です。,名詞,園藝,我的興趣是園藝。,がーでにんぐ
会員[かいいん],[0]（平板）,会員[かいいん]に 登録[とうろく]しました。,名詞,會員,註冊成為會員了。,かいいん
開花[かいか]（する）,[0]（平板）,桜[さくら]が 開花[かいか]しました。,名詞／動詞（する）,開花,櫻花開了。,かいか
海外[かいがい],[1]（中高）,海外[かいがい]で 研修[けんしゅう]しました。,名詞,海外，國外,在國外受訓。,かいがい
海外研修[かいがいけんしゅう],—,海外研修[かいがいけんしゅう]に 行[い]く 予定[よてい]です。,名詞,海外培訓,預定去國外培訓。,かいがいけんしゅう
外国製[がいこくせい],[0]（平板）,外国製[がいこくせい]の 車[くるま]です。,名詞,國外製造,這是進口車。,がいこくせい
開催[かいさい]（する）,[0]（平板）,東京[とうきょう]で 会議[かいぎ]が 開催[かいさい]されました。,名詞／動詞（する）,召開，舉辦,會議在東京舉行。,かいさい
開始[かいし]（する）,[0]（平板）,試験[しけん]が 開始[かいし]されます。,名詞／動詞（する）,開始,考試開始了。,かいし
解消[かいしょう]（する）,[0]（平板）,ストレスを 解消[かいしょう]する。,名詞／動詞（する）,解除，消除,釋放壓力。,かいしょう
外食[がいしょく]（する）,[0]（平板）,週末[しゅうまつ]は 外食[がいしょく]します。,名詞／動詞（する）,外食，在外面吃飯,週末會外出用餐。,がいしょく
海水浴[かいすいよく],[4]（頭高）,夏[なつ]に 海水浴[かいすいよく]を しました。,名詞,海水浴，在海裡游泳,夏天去海邊玩水。,かいすいよく
改装[かいそう]（する）,[0]（平板）,店[みせ]を 改装[かいそう]しています。,名詞／動詞（する）,改裝，翻修,店鋪正在整修中。,かいそう
快適[かいてき]な,[0]（平板）,快適[かいてき]な 部屋[へや]ですね。,形容動詞（な形）,舒適的,這房間真舒適。,かいてきな
回答[かいとう]（する）,[0]（平板）,質問[しつもん]に 回答[かいとう]しました。,名詞／動詞（する）,回答，作答,回答了問題。,かいとう
開発[かいはつ]（する）,[0]（平板）,新[あたら]しい 技術[ぎじゅつ]を 開発[かいはつ]する。,名詞／動詞（する）,開發,開發新技術。,かいはつ
会費[かいひ],[0]（平板）,会費[かいひ]を 払[はら]いました。,名詞,會費，會員費,交了會費。,かいひ
飼[か]う,[1]（中高）,犬[いぬ]を 飼[か]っています。,動詞（う動詞）,飼養,養狗。,かう
画家[がか],[0]（平板）,彼[かれ]は 有名[ゆうめい]な 画家[がか]です。,名詞,畫家,他是著名畫家。,がか
下記[かき],[1]（中高）,詳細[しょうさい]は 下記[かき]の 通[とお]りです。,名詞,下列，下述,詳細如下所示。,かき
（肌[はだ]を）掻[か]く,[1]（中高）,かゆくて 肌[はだ]を 掻[か]いた。,動詞（う動詞）,搔（皮膚）,因癢而抓皮膚。,かく
～学[がく],—,経済学[けいざいがく]を 勉強[べんきょう]しています。,接尾語,～學（表示學問領域）,我在學經濟學。,がく
確認[かくにん]（する）,[0]（平板）,メールを 確認[かくにん]しました。,名詞／動詞（する）,確認,已確認郵件。,かくにん
学費[がくひ],[0]（平板）,学費[がくひ]を 払[はら]わなければならない。,名詞,學費,必須繳學費。,がくひ
学部[がくぶ],[0]（平板）,理学[りがく]学部[がくぶ]の 学生[がくせい]です。,名詞,學院，系所,我是理學院的學生。,がくぶ
加工[かこう]（する）,[0]（平板）,木材[もくざい]を 加工[かこう]します。,名詞／動詞（する）,加工，處理,加工木材。,かこう
（練習[れんしゅう]／努力[どりょく]を）重[かさ]ねる,[3]（中高）,毎日[まいにち] 練習[れんしゅう]を 重[かさ]ねています。,動詞（る動詞）,反覆（練習／努力）,每天持續練習。,かさねる
家事[かじ],[1]（中高）,母[はは]は 毎日[まいにち] 家事[かじ]を しています。,名詞,家務，家事,媽媽每天做家事。,かじ
歌手[かしゅ],[1]（中高）,有名[ゆうめい]な 歌手[かしゅ]です。,名詞,歌手,她是有名的歌手。,かしゅ
画像[がぞう],[0]（平板）,画像[がぞう]を 保存[ほぞん]しました。,名詞,圖片，影像,保存了圖片。,がぞう
数[かぞ]える,[3]（中高）,星[ほし]を 数[かぞ]えました。,動詞（る動詞）,數，計數,數了星星。,かぞえる
片思[かたおも]い（する）,[4]（頭高）,彼[かれ]に 片思[かたおも]いしている。,名詞／動詞（する）,單戀，單相思,暗戀著他。,かたおもい
片手[かたて],[0]（平板）,片手[かたて]で 荷物[にもつ]を 持[も]つ。,名詞,單手，一隻手,單手拿著行李。,かたて
語[かた]る,[0]（平板）,夢[ゆめ]を 語[かた]る。,動詞（う動詞）,談，講述，訴說,談自己的夢想。,かたる
がっかり（する）,[3]（中高）,試験[しけん]に 落[お]ちて がっかりした。,副詞／動詞（する）,失望，沮喪,因考試落榜而失望。,がっかり（する）
かっこいい,[4]（頭高）,あの 人[ひと]は かっこいいです。,形容詞（い形）,帥氣，有型,那個人很帥。,かっこいい
勝手[かって]な,[0]（平板）,勝手[かって]な ことを 言[い]わないで。,形容動詞（な形）,任意的，自私的,不要自說自話。,かってな
カット（する）,[1]（中高）,髪[かみ]を カットしました。,名詞／動詞（する）,剪（髮）,去剪頭髮了。,かっと（する）
活動[かつどう]（する）,[0]（平板）,学生[がくせい]が ボランティア 活動[かつどう]を しています。,名詞／動詞（する）,活動,學生在進行志工活動。,かつどう
活躍[かつやく]（する）,[0]（平板）,世界[せかい]で 活躍[かつやく]している 選手[せんしゅ]です。,名詞／動詞（する）,活躍，表現出色,他是活躍於世界舞台的選手。,かつやく
悲[かな]しい,[0]（平板）,悲[かな]しい ニュースを 聞[き]いた。,形容詞（い形）,悲傷，難過,聽到了令人難過的消息。,かなしい
カビ,[0]（平板）,壁[かべ]に カビが 生[は]えた。,名詞,黴，黴菌,牆上長了黴。,かび
カフェ,[1]（中高）,駅前[えきまえ]の カフェで 休[やす]みました。,名詞,咖啡店,在車站前的咖啡店休息。,かふぇ
花粉症[かふんしょう],[0]（平板）,春[はる]は 花粉症[かふんしょう]が つらいです。,名詞,花粉症,春天花粉症很難受。,かふんしょう
髪型[かみがた],[0]（平板）,新[あたら]しい 髪型[かみがた]に しました。,名詞,髮型,換了新髮型。,かみがた
画面[がめん],[0]（平板）,スマホの 画面[がめん]が 壊[こわ]れた。,名詞,螢幕，畫面,手機螢幕壞掉了。,がめん
科目[かもく],[0]（平板）,好[す]きな 科目[かもく]は 数学[すうがく]です。,名詞,科目，學科,我最喜歡的科目是數學。,かもく
痒[かゆ]い,[2]（中高）,蚊[か]に 刺[さ]されて 痒[かゆ]いです。,形容詞（い形）,癢,被蚊子叮得好癢。,かゆい
体[からだ]を 壊[こわ]す,[3]（中高）,働[はたら]きすぎて 体[からだ]を 壊[こわ]した。,動詞片語,損害健康，累壞身體,因工作過度而累垮。,からだをこわす
カロリー,[1]（中高）,カロリーを 計算[けいさん]しています。,名詞,熱量，卡路里,我在計算熱量。,かろりー
可愛[かわい]がる,[4]（頭高）,子供[こども]を 可愛[かわい]がっています。,動詞（う動詞）,疼愛，喜愛,很疼愛孩子。,かわいがる
眼科[がんか],[0] 平板,眼科[がんか]で 診察[しんさつ]を 受[う]けました。,名詞,眼科,去眼科看診了。,がんか
観客[かんきゃく],[0] 平板,観客[かんきゃく]が 多[おお]いです。,名詞,觀眾,觀眾很多。,かんきゃく
関係[かんけい],[0] 平板,その 事件[じけん]とは 関係[かんけい]が ありません。,名詞,關係,和那件事沒有關係。,かんけい
観光客[かんこうきゃく],[5] 頭高,観光客[かんこうきゃく]が 増[ふ]えています。,名詞,觀光客，旅客,觀光客正在增加。,かんこうきゃく
観光地[かんこうち],[4] 頭高,有名[ゆうめい]な 観光地[かんこうち]です。,名詞,景點,這裡是有名的觀光景點。,かんこうち
韓国語[かんこくご],[0] 平板,韓国語[かんこくご]を 勉強[べんきょう]しています。,名詞,韓語,我在學韓語。,かんこくご
看護師[かんごし],[3] 中高,看護師[かんごし]として 働[はたら]いています。,名詞,護士，護理師,我身為護理師工作。,かんごし
がんこな,[1] 中高,彼[かれ]は がんこな 性格[せいかく]です。,形容動詞,固執的,他個性很固執。,がんこな
感謝[かんしゃ]（する）,[0] 平板,心[こころ]から 感謝[かんしゃ]しています。,名詞／動詞（する）,感謝,由衷地感謝你。,かんしゃ
完成[かんせい]（する）,[0] 平板,作品[さくひん]が 完成[かんせい]しました。,名詞／動詞（する）,完成,作品完成了。,かんせい
感染[かんせん]（する）,[0] 平板,風邪[かぜ]に 感染[かんせん]したようです。,名詞／動詞（する）,感染,好像感染感冒了。,かんせん
乾燥[かんそう]（する）,[0] 平板,皮膚[ひふ]が 乾燥[かんそう]しています。,名詞／動詞（する）,乾燥,皮膚很乾燥。,かんそう
管理[かんり]（する）,[1] 中高,データを 管理[かんり]しています。,名詞／動詞（する）,管理,我在管理資料。,かんり
キーンと 痛[いた]くなる,—,冷[つめ]たい 水[みず]を 飲[の]むと キーンと 痛[いた]くなる。,動詞片語,刺痛，劇痛,喝冰水會刺痛。,きーんといたくなる
機械[きかい],[2] 中高,古[ふる]い 機械[きかい]を 修理[しゅうり]した。,名詞,機械,修理了舊機器。,
機内[きない],[1] 中高,機内[きない]で シートベルトを しめてください。,名詞,機艙內,請在機艙內繫好安全帶。,きない
気に入る[きにいる],[0] 平板,この 服[ふく]が とても 気[き]に 入[い]りました。,動詞,喜歡，中意,我非常喜歡這件衣服。,きにいる
機能[きのう],[2] 中高,この アプリには 便利[べんり]な 機能[きのう]が 多[おお]いです。,名詞,功能,這個 App 有很多很方便的功能。,きのう
希望[きぼう]（する）,[0] 平板,日本[にほん]で 働[はたら]くことを 希望[きぼう]しています。,名詞／する動詞,希望,希望能在日本工作。,きぼう
希望者[きぼうしゃ],[3] 中高,イベントの 希望者[きぼうしゃ]を 募集[ぼしゅう]します。,名詞,志願者、有意願參加的人,我們要招募活動的報名者。,きぼうしゃ
期末[きまつ],[2] 中高,期末[きまつ]テストの 勉強[べんきょう]を 始[はじ]めました。,名詞,期末,我開始準備期末考了。,きまつ
気持ちを込める[きもちをこめる],—,気持[きも]ちを 込[こ]めて 手紙[てがみ]を 書[か]きました。,片語,全心、用心地投入,我用心寫了這封信。,きもちをこめる
キャッシュカード,—,キャッシュカードで お金[かね]を 引[ひ]き 出[だ]します。,名詞,現金卡,用現金卡領錢。,きゃっしゅかーど
キャンセル（する）,—,予約[よやく]を キャンセルしました。,名詞／する動詞,取消,我取消了預約。,きゃんせる
休暇[きゅうか],[0] 平板,来週[らいしゅう]、 休暇[きゅうか]を 取[と]ります。,名詞,休假,下週我要休假。,きゅうか
休館日[きゅうかんび],[3] 中高,図書館[としょかん]は 今日は 休館日[きゅうかんび]です。,名詞,休館日,圖書館今天休館。,きゅうかんび
休憩[きゅうけい]（する）,[0] 平板,少[すこ]し 休憩[きゅうけい]しましょう。,名詞／する動詞,休息,我們休息一下吧。,きゅうけい
休校[きゅうこう],[0] 平板,台風[たいふう]で 学校[がっこう]は 休校[きゅうこう]になりました。,名詞,停課,因為颱風學校停課了。,きゅうこう
急行[きゅうこう],[0] 平板,急行[きゅうこう]電車[でんしゃ]に 乗[の]ります。,名詞,特快電車,我要搭特快電車。,きゅうこう
休日[きゅうじつ],[0] 平板,休日[きゅうじつ]は 家[いえ]で ゆっくりします。,名詞,休息日,休假日在家放鬆。,きゅうじつ
求人[きゅうじん],[0] 平板,新[あたら]しい 求人[きゅうじん]が 出[で]ました。,名詞,招募、招聘,新的徵才公告發布了。,きゅうじん
急停車[きゅうていしゃ]（する）,[4] 頭高,車[くるま]が 急停車[きゅうていしゃ]しました。,名詞／する動詞,緊急煞車,車子突然急煞。,きゅうていしゃ
牛丼屋[ぎゅうどんや],[5] 頭高,昼[ひる]は 牛丼屋[ぎゅうどんや]で 食[た]べました。,名詞,牛丼店,中餐在牛丼店吃的。,ぎゅうどんや
急な[きゅうな],[0] 平板,ここは 急[きゅう]な 坂[さか]です。,形容動詞,陡的、傾斜大的,這裡的坡很陡。,きゅうな
急に[きゅうに],[0] 平板,雨[あめ]が 急[きゅう]に 降[ふ]ってきた。,副詞,突然,雨突然下起來。,きゅうに
休養[きゅうよう]（する）,[0] 平板,しばらく 家[いえ]で 休養[きゅうよう]します。,名詞／する動詞,休養,我要在家休養一陣子。,きゅうよう
キュウリ,—,サラダに キュウリを 入[い]れます。,名詞,黃瓜,沙拉裡放了小黃瓜。,きゅうり
教師[きょうし],[1] 中高,父[ちち]は 高校[こうこう]の 教師[きょうし]です。,名詞,老師,我爸是高中老師。,きょうし
競走[きょうそう],[0] 平板,子どもたちが 競走[きょうそう]しています。,名詞,賽跑,小孩子們在賽跑。,きょうそう
競争[きょうそう]（する）,[0] 平板,多[おお]くの 企業[きぎょう]が 競争[きょうそう]しています。,名詞／する動詞,競爭,許多企業正在競爭。,きょうそう
共存[きょうぞん]（する）,[0] 平板,人間[にんげん]と 自然[しぜん]が 共存[きょうぞん]する 社会[しゃかい]を めざしています。,名詞／する動詞,共存,目標是建立人類與自然共存的社會。,きょうぞん
共通[きょうつう]（する）,[0] 平板,私[わたし]たちには 共通[きょうつう]の 趣味[しゅみ]が 多[おお]いです。,名詞／する動詞,共通,我們有很多共同的興趣。,きょうつう
強風[きょうふう],[0] 平板,強風[きょうふう]で 電車[でんしゃ]が 遅[おく]れました。,名詞,強風,因為強風電車誤點了。,きょうふう
興味[きょうみ],[1] 中高,日本文化[にほんぶんか]に 興味[きょうみ]が あります。,名詞,興趣,我對日本文化有興趣。,きょうみ
協力[きょうりょく]（する）,[0] 平板,みんなで 協力[きょうりょく]して 片付[かたづ]けました。,名詞／する動詞,協力、合作,大家一起合作整理完成。,きょうりょく
許可[きょか]（する）,[1] 中高,入[はい]るには 許可[きょか]が 必要[ひつよう]です。,名詞／する動詞,許可,進入需要許可。,きょか
漁業[ぎょぎょう],[2] 中高,この 町[まち]は 漁業[ぎょぎょう]が 盛[さか]んです。,名詞,漁業,這個城鎮的漁業很興盛。,ぎょぎょう
嫌う[きらう],[0] 平板,多[おお]くの 人[ひと]は 暑[あつ]さを 嫌[きら]います。,動詞,討厭、厭煩,很多人討厭熱天。,きらう
禁煙[きんえん]（する）,[0] 平板,この 部屋[へや]は 禁煙[きんえん]です。,名詞／する動詞,禁菸,這個房間禁止吸菸。,きんえん
緊急[きんきゅう],[0] 平板,緊急[きんきゅう]の 時[とき]は 119 に 電話[でんわ]してください。,名詞／形容動詞,緊急、緊急的,緊急時請打 119。,きんきゅう
緊張[きんちょう]（する）,[0] 平板,面接[めんせつ]で とても 緊張[きんちょう]しました。,名詞／する動詞,緊張,面試時非常緊張。,きんちょう
勤務[きんむ]（する）,[1] 中高,病院[びょういん]で 勤務[きんむ]しています。,名詞／する動詞,工作、上班,我在醫院上班。,きんむ
勤務地[きんむち],[3] 中高,勤務地[きんむち]は 東京[とうきょう]です。,名詞,工作地點,我的工作地點在東京。,きんむち
具合[ぐあい],[0] 平板,今日は 体[からだ]の 具合[ぐあい]が よくありません。,名詞,情況、狀態,我今天身體狀況不太好。,ぐあい
空気[くうき],[1] 中高,山[やま]の 空気[くうき]は きれいです。,名詞,空氣,山上的空氣很乾淨。,くうき
クーポン券[くーぽんけん],—,クーポン券[けん]を 使[つか]うと 10％ 安[やす]く なります。,名詞,優惠券,用優惠券可以便宜 10%。,くーぽんけん
区画[くかく],[0] 平板,この 区画[くかく]は 駐車禁止[ちゅうしゃきんし]です。,名詞,分區、區域,這個區域禁止停車。,くかく
具体的[ぐたいてき]（な）,[0] 平板,具体的[ぐたいてき]な 例[れい]を 教[おし]えてください。,形容動詞,具體的,請給我一個具體的例子。,ぐたいてき
クッキー,—,手作[てづく]りの クッキーを 友達[ともだち]に あげました。,名詞,餅乾,我送了手工餅乾給朋友。,くっきー
ぐつぐつ,—,スープを ぐつぐつ 煮[に]ています。,副詞,咕嘟咕嘟（煮東西聲）,湯在咕嘟咕嘟地煮著。,ぐつぐつ
工夫[くふう]（する）,[0] 平板,時間[じかん]を 節約[せつやく]するために 工夫[くふう]しています。,名詞／する動詞,下功夫、設法,為了省時間我一直在想辦法。,くふう
雲[くも],[1] 頭高,空[そら]に 大[おお]きな 雲[くも]が 出[で]ています。,名詞,雲,天空中飄著一大片雲。,くも
区役所[くやくしょ],[1] 中高,住所変更[じゅうしょへんこう]は 区役所[くやくしょ]で 手続[てつづ]きします。,名詞,區公所（市政府）,住址變更要在區公所辦理。,くやくしょ
くやしい,[3] 中高,試合[しあい]に 負[ま]けて、 とても くやしいです。,形容詞,懊悔、懊惱,比賽輸了，我很懊悔。,くやしい
グラウンド,—,グラウンドで サッカーの 練習[れんしゅう]を します。,名詞,操場,我們在操場練習足球。,ぐらうんど
クラシック音楽,—,クラシック音楽[おんがく]を 聞[き]くと 落[お]ち着[つ]きます。,名詞,古典音樂,聽古典音樂時我會感到平靜。,くらしっくおんがく
クラスメイト,—,クラスメイトと 昼[ひる]ご飯[はん]を 食[た]べました。,名詞,同班同學,我跟同班同學一起吃午餐。,くらすめいと
くり返す[くりかえす],[4] 中高,同[おな]じ ミスを くり返[かえ]さないように 気[き]をつけます。,動詞,反覆,我會小心不再犯同樣的錯。,くりかえす
グループ,—,３人[さんにん]の グループで 発表[はっぴょう]します。,名詞,小組,我們將以三人小組進行發表。,ぐるーぷ
グループディスカッション,—,グループディスカッションで 意見[いけん]を 共有[きょうゆう]しました。,名詞,小組討論,我們在小組討論中交換意見。,ぐるーぷでぃすかっしょん
グルメ,—,彼[かれ]は グルメで、 おいしい 店[みせ]を よく 知[し]っています。,名詞,美食、美食家,他是個美食家，很懂好吃的店。,ぐるめ
グレー,—,グレーの コートを 買[か]いました。,名詞／形容動詞性,灰色,我買了一件灰色外套。,ぐれー
グローバル,—,グローバルな 視点[してん]で 物事[ものごと]を 考[かんが]える ことが 大切[たいせつ]です。,形容動詞,全球的、世界性的,用全球視角思考很重要。,ぐろーばる
経営[けいえい]（する）,[0] 平板,父[ちち]は 小[ちい]さな レストランを 経営[けいえい]しています。,名詞／する動詞,經營,我爸經營一間小餐廳。,けいえい
経営学[けいえいがく],[4] 中高,大学[だいがく]で 経営学[けいえいがく]を 勉強[べんきょう]しています。,名詞,經營學,我在大學唸經營學。,けいえいがく
経過[けいか]（する）,[0] 平板,手術後[しゅじゅつご]の 経過[けいか]は とても 良[よ]いです。,名詞／する動詞,經過,手術後狀況良好。,けいか
計画[けいかく]（する）,[0] 平板,旅行[りょこう]を 計画[けいかく]しています。,名詞／する動詞,計畫,我正在規劃旅行。,けいかく
計画的[けいかくてき]（な）,[0] 平板,計画的[けいかくてき]に 勉強[べんきょう]すると、 効率[こうりつ]が 上[あ]がります。,形容動詞,有計畫的,有計畫地讀書效率會提高。,けいかくてき
警官[けいかん],[0] 平板,警官[けいかん]が 道[みち]を 案内[あんない]してくれました。,名詞,警官,警察幫我指路。,けいかん
経験者[けいけんしゃ],[4] 中高,経験者[けいけんしゃ]の 意見[いけん]は とても 参考[さんこう]になります。,名詞,有經驗的人,有經驗者的意見很有參考價值。,けいけんしゃ
敬語[けいご],[0] 平板,敬語[けいご]を 正[ただ]しく 使[つか]うのは 難[むずか]しいです。,名詞,敬語,正確使用敬語很難。,けいご
経済学[けいざいがく],[4] 中高,弟[おとうと]は 経済学[けいざいがく]を 専攻[せんこう]しています。,名詞,經濟學,我弟主修經濟學。,けいざいがく
刑事[けいじ],[1] 中高,彼[かれ]は 刑事[けいじ]として 事件[じけん]を 調査[ちょうさ]しています。,名詞,刑警,他身為刑警，正在調查案件。,けいじ
掲示板[けいじばん],[0] 平板,掲示板[けいじばん]に 新[あたら]しい お知[し]らせが 出[で]ています。,名詞,公告欄,公告欄上有新的通知。,けいじばん
継続[けいぞく]（する）,[0] 平板,勉強[べんきょう]は 継続[けいぞく]することが 大切[たいせつ]です。,名詞／する動詞,持續、繼續,持續學習是很重要的。,けいぞく
芸能人[げいのうじん],[5] 中高,彼[かれ]は 有名[ゆうめい]な 芸能人[げいのうじん]です。,名詞,藝人,他是有名的藝人。,げいのうじん
契約[けいやく]（する）,[0] 平板,新[あたら]しい 契約[けいやく]を 結[むす]びました。,名詞／する動詞,合約、簽訂,我們簽訂了新的合約。,けいやく
経歴[けいれき],[0] 平板,彼女[かのじょ]の 経歴[けいれき]は とても 立派[りっぱ]です。,名詞,經歷、履歷,她的經歷非常優秀。,けいれき
劇団[げきだん],[0] 平板,劇団[げきだん]に 入[はい]って 舞台[ぶたい]に 立[た]つのが 夢[ゆめ]です。,名詞,劇團,加入劇團並站上舞台是我的夢想。,げきだん
化粧品[けしょうひん],[3] 中高,化粧品[けしょうひん]を そろえるのに お金[かね]が かかります。,名詞,化妝品,買齊化妝品需要不少錢。,けしょうひん
決心[けっしん]（する）,[1] 中高,彼[かれ]は 留学[りゅうがく]する 決心[けっしん]をした。,名詞／する動詞,下決心,他下定決心要留學。,けっしん
欠席[けっせき]（する）,[0] 平板,風邪[かぜ]で 授業[じゅぎょう]を 欠席[けっせき]しました。,名詞／する動詞,缺席,因感冒我缺席了課程。,けっせき
結末[けつまつ],[0] 平板,この 映画[えいが]の 結末[けつまつ]は 意外[いがい]でした。,名詞,結尾、結局,這部電影的結局很意外。,けつまつ
毛虫[けむし],[0] 平板,毛虫[けむし]が 木[き]の 葉[は]を 食[た]べています。,名詞,毛毛蟲,毛毛蟲正在吃樹葉。,けむし
けわしい,[4] 中高,けわしい 山道[やまみち]を 登[のぼ]りました。,形容詞,險峻、陡峭,我走上了崎嶇的山路。,けわしい
圏外[けんがい],[1] 中高,山[やま]の 中[なか]は 携帯[けいたい]が 圏外[けんがい]でした。,名詞,無訊號、範圍外,山裡手機收不到訊號。,けんがい
玄関[げんかん],[1] 中高,玄関[げんかん]で 靴[くつ]を 脱[ぬ]いでください。,名詞,玄關,請在玄關脫鞋。,げんかん
原稿[げんこう],[0] 平板,明日[あした]までに 原稿[げんこう]を 提出[ていしゅつ]します。,名詞,原稿,我會在明天前交出原稿。,げんこう
検査[けんさ]（する）,[1] 中高,車[くるま]の ブレーキを 検査[けんさ]しました。,名詞／する動詞,檢查,我檢查了車子的煞車。,けんさ
現在[げんざい],[1] 中高,現在[げんざい]は 仕事[しごと]を 探[さが]しています。,名詞,現在,現在我正在找工作。,げんざい
現実[げんじつ],[0] 平板,現実[げんじつ]は 思[おも]ったより 厳[きび]しいです。,名詞,現實,現實比想像的嚴酷。,げんじつ
研修[けんしゅう],[0] 平板,新入社員[しんにゅうしゃいん]は 研修[けんしゅう]を 受[う]けます。,名詞,研習、培訓,新進員工會接受培訓。,けんしゅう
建設[けんせつ]（する）,[0] 平板,新[あたら]しい ビルを 建設[けんせつ]しています。,名詞／する動詞,建設,正在建設新大樓。,けんせつ
限定[げんてい]（する）,[0] 平板,この 商品[しょうひん]は 限定[げんてい]１００ 個[こ]です。,名詞／する動詞,限定,這商品限量 100 個。,げんてい
現場[げんば],[0] 平板,事故[じこ]の 現場[げんば]を 調査[ちょうさ]しています。,名詞,現場,正在調查事故現場。,げんば
コアラ,—,コアラは ユーカリを 食[た]べます。,名詞,無尾熊,無尾熊會吃尤加利葉。,こあら
子犬[こいぬ],[0] 平板,子犬[こいぬ]が 走[はし]り回[まわ]っています。,名詞,小狗,小狗跑來跑去。,こいぬ
光栄[こうえい]（な）,[0] 平板,お 会[あ]いできて 光栄[こうえい]です。,形容動詞,光榮的,能見到您是我的榮幸。,こうえい
公演[こうえん]（する）,[0] 平板,劇団[げきだん]が 新作[しんさく]を 公演[こうえん]します。,名詞／する動詞,公演、演出,劇團將演出新作品。,こうえん
講演[こうえん]（する）,[0] 平板,有名[ゆうめい]な 先生[せんせい]が 講演[こうえん]します。,名詞／する動詞,演講,有名的老師會進行演講。,こうえん
効果[こうか],[1] 中高,この 薬[くすり]は 効果[こうか]が あります。,名詞,效果,這個藥有效。,こうか
後悔[こうかい]（する）,[1] 中高,あの 時[とき] 何[なに]もしなかったことを 後悔[こうかい]しています。,名詞／する動詞,後悔,我後悔當時什麼都沒做。,こうかい
合格者[ごうかくしゃ],[4] 中高,合格者[ごうかくしゃ]の 名前[なまえ]が 発表[はっぴょう]されました。,名詞,合格的人,合格者名單已公布。,ごうかくしゃ
合格[ごうかく]（する）,[0] 平板,試験[しけん]に 合格[ごうかく]しました。,名詞／する動詞,及格、通過,我通過考試了。,ごうかく
効果的[こうかてき]（な）,[0] 平板,効果的[こうかてき]な 勉強法[べんきょうほう]を 探[さが]しています。,形容動詞,有效果的,我在尋找有效的學習方法。,こうかてき
豪華[ごうか]（な）,[1] 中高,豪華[ごうか]な ホテルに 泊[と]まりました。,形容動詞,豪華的,我住在豪華飯店。,ごうかな
講義[こうぎ],[1] 中高,今日[きょう]は 日本史[にほんし]の 講義[こうぎ]があります。,名詞,講義,今天有日本史的課。,こうぎ
工業[こうぎょう],[1] 中高,この 地域[ちいき]は 工業[こうぎょう]が 発展[はってん]しています。,名詞,工業,這個地區的工業很發達。,こうぎょう
航空便[こうくうびん],[0] 平板,書類[しょるい]を 航空便[こうくうびん]で 送[おく]りました。,名詞,航空郵件,我用航空郵件寄了文件。,こうくうびん
攻撃[こうげき]（する）,[0] 平板,チームが 一斉[いっせい]に 攻撃[こうげき]を 始[はじ]めた。,名詞／する動詞,攻擊,球隊展開了總攻擊。,こうげき
高原[こうげん],[0] 平板,夏[なつ]は 高原[こうげん]が 涼[すず]しいです。,名詞,高原,夏天的高原很涼爽。,こうげん
洪水[こうずい],[0] 平板,大雨[おおあめ]で 洪水[こうずい]が 発生[はっせい]した。,名詞,洪水,因大雨發生洪水。,こうずい
高層ビル[こうそうビル],—,都心[としん]に 高層ビル[こうそうびる]が 増[ふ]えている。,名詞,高樓大廈,市中心高樓越來越多。,こうそうびる
高層マンション[こうそうマンション],—,高層マンション[こうそうまんしょん]に 住[す]んでいます。,名詞,高樓公寓,我住在高樓公寓。,こうそうまんしょん
交通安全[こうつうあんぜん],—,交通安全[こうつうあんぜん]に 気[き]をつけてください。,名詞,交通安全,請注意交通安全。,こうつうあんぜん
交通機関[こうつうきかん],[5] 頭高,交通機関[こうつうきかん]が 発達[はったつ]しています。,名詞,交通機關、交通工具,交通設施很發達。,こうつうきかん
交通の便がいい[こうつうのべんがいい],—,この 場所[ばしょ]は 交通の便[こうつうのべん]がいいです。,表現,交通便利,這個地點交通很方便。,こうつうのべんがいい
後任[こうにん],[0] 平板,後任[こうにん]が まだ 決[き]まっていません。,名詞,接班人,接班人還沒決定。,こうにん
公用語[こうようご],[0] 平板,シンガポールの 公用語[こうようご]は 英語[えいご]です。,名詞,共通語言、公用語,新加坡的公用語是英語。,こうようご
交流[こうりゅう]（する）,[0] 平板,他[ほか]の 国[くに]の 人[ひと]と 交流[こうりゅう]しました。,名詞／する動詞,交流,和其他國家的人交流了。,こうりゅう
交流パーティー[こうりゅうパーティー],—,交流パーティー[こうりゅうぱーてぃー]に 参加[さんか]しました。,名詞,交流會,我參加了交流派對。,こうりゅうパーティー
超[こ]える,[0] 平板,気温[きおん]が 30 度[ど]を 超[こ]えた。,動詞（下一段）,超過、超越,氣溫超過 30 度。,こえる
声[こえ]をかける,—,道[みち]で 友達[ともだち]に 声[こえ]をかけた。,表現,打招呼,在路上向朋友打招呼。,こえをかける
ゴールを決[き]める,—,彼[かれ]が ゴールを 決[き]めた。,表現,進球,他進球了。,ごーるをきめる
誤解[ごかい]（する）,[0] 平板,誤解[ごかい]しないでください。,名詞／する動詞,誤解,請不要誤會。,ごかい
故郷[こきょう],[1] 中高,久[ひさ]しぶりに 故郷[こきょう]に 帰[かえ]りました。,名詞,故鄉,久違地回到故鄉。,こきょう
国際化[こくさいか]（する）,[0] 平板,社会[しゃかい]が 国際化[こくさいか]している。,名詞／する動詞,國際化,社會正在國際化。,こくさいか
国民[こくみん],[0] 平板,国民[こくみん]の 意見[いけん]を 尊重[そんちょう]します。,名詞,國民,會尊重國民的意見。,こくみん
心細[こころぼそ]い,[5] 頭高,一人[ひとり]で 留学[りゅうがく]するのは 心細[こころぼそ]いです。,形容詞,孤立無助、心裡沒底,一個人留學很沒有安全感。,こころぼそい
腰[こし],[0] 平板,腰[こし]が 痛[いた]いです。,名詞,腰,我的腰很痛。,こし
後日[ごじつ],[1] 中高,詳細[しょうさい]は 後日[ごじつ] お知らせします。,名詞,日後、事後,詳細會在日後通知。,ごじつ
胡椒[こしょう],[2] 中高,スープに 胡椒[こしょう]を 少[すこ]し 入[い]れました。,名詞,胡椒,我加了一點胡椒到湯裡。,こしょう
個性的[こせいてき]（な）,[0] 平板,彼女[かのじょ]は 個性的[こせいてき]な ファッションです。,形容動詞,有個性的,她的穿搭很有個性。,こせいてき
子育[こそだ]て,[2] 中高,子育[こそだ]ては 大変[たいへん]ですが 楽[たの]しいです。,名詞,育兒,育兒雖然辛苦，但很開心。,こそだて
国会[こっかい]図書館[としょかん],—,国会図書館[こっかいとしょかん]で 調査[ちょうさ]しました。,名詞,國會圖書館,我在國會圖書館查資料。,こっかいとしょかん
断[ことわ]る,[3] 中高,予定[よてい]があるので、誘[さそ]いを 断[ことわ]りました。,動詞（五段）,拒絕,因為有安排，我拒絕了邀約。,ことわる
このあたりで,—,このあたりで 休[やす]みましょう。,表現,在這附近,我們就在這附近休息吧。,このあたりで
好[この]み,[0] 平板,人[ひと]の 好[この]みは それぞれです。,名詞,喜好，偏好,每個人的喜好都不一樣。,このみ
五分咲[ごぶざ]き,[0] 平板,桜[さくら]は 今[いま] 五分咲[ごぶざ]きです。,名詞,開一半、含苞半開,櫻花現在大約開一半。,ごぶざき
コミュニケーション,[5] 頭高,コミュニケーションを 取[と]るのが 大事[だいじ]です。,名詞,交流、溝通,溝通很重要。,こみゅにけーしょん
小麦粉[こむぎこ],[4] 頭高,小麦粉[こむぎこ]で ケーキを 作[つく]りました。,名詞,麵粉，小麥粉,我用麵粉做了蛋糕。,こむぎこ
コメディー,[1] 中高,コメディー映画[えいが]を 見[み]て 笑[わら]いました。,名詞,喜劇,我看喜劇電影笑了出來。,こめでぃー
ゴルフ,[1] 中高,父[ちち]は 毎週末[まいしゅうまつ] ゴルフを します。,名詞,高爾夫,我父親每週末打高爾夫。,ごるふ
転[ころ]ぶ,[0] 平板,石[いし]につまずいて 転[ころ]んだ。,動詞（五段）,跌倒、翻滾,我被石頭絆到跌倒了。,ころぶ
コンタクトレンズ,[6] 頭高,コンタクトレンズを 失[うしな]くした。,名詞,隱形眼鏡,我把隱形眼鏡弄丟了。,こんたくとれんず
婚約[こんやく]指輪[ゆびわ],—,彼[かれ]から 婚約指輪[こんやくゆびわ]を もらいました。,名詞,訂婚戒指,我收到他送的訂婚戒指。,こんやくゆびわ
サークル,[0] 平板,大学[だいがく]の サークルに 入[はい]っています。,名詞,團體、小組、社團,我加入了大學社團。,さーくる
サービス（する）,[1] 中高,店[みせ]で コーヒーを サービスしてくれた。,名詞／する動詞,提供服務、招待,店家招待了我咖啡。,さーびす
最下位[さいかい],[3] 頭高,試合[しあい]で 最下位[さいかい]になった。,名詞,最後一名,比賽中拿了最後一名。,さいかい
災害[さいがい],[0] 平板,災害[さいがい]への 備[そな]えが 必要[ひつよう]です。,名詞,災害,必須做好災害準備。,さいがい
最高[さいこう],[0] 平板,この映画[えいが]は 最高[さいこう]です！,名詞／形容動詞,最棒、最高,這部電影超棒！,さいこう
最新作[さいしんさく],[4] 頭高,彼[かれ]の 最新作[さいしんさく]を 読[よ]みました。,名詞,最新作品,我讀了他最新的作品。,さいしんさく
再度[さいど],[1] 中高,再度[さいど] 説明[せつめい]します。,名詞／副詞,再次,我再說明一次。,さいど
裁判[さいばん],[1] 中高,裁判[さいばん]で 真実[しんじつ]が 明[あき]らかになった。,名詞,裁判、審判、判決判斷,在審判中真相水落石出。,さいばん
最優先[さいゆうせん],[5] 頭高,安全[あんぜん]が 最優先[さいゆうせん]です。,名詞,最優先、第一順位,安全是最優先。,さいゆうせん
盛[さか]んな,[0] 平板,この町[まち]は 観光[かんこう]が 盛[さか]んです。,形容動詞,旺盛、興盛,這個城市的觀光很興盛。,さかんな
作業[さぎょう],[1] 中高,夜遅[よるおそ]くまで 作業[さぎょう]を 続[つづ]けた。,名詞／する動詞,工作、作業、操作,我工作到很晚。,さぎょう
削除[さくじょ]（する）,[1] 中高,不要[ふよう]なデータを 削除[さくじょ]した。,名詞／する動詞,刪除,我把不需要的資料刪除了。,さくじょ
昨年[さくねん],[0] 平板,昨年[さくねん] 日本[にほん]へ 行[い]きました。,名詞,去年,我去年去了日本。,さくねん
昨晩[さくばん],[0] 平板,昨晩[さくばん]は よく眠[ねむ]れました。,名詞,昨晚,我昨晚睡得很好。,さくばん
作品[さくひん],[0] 平板,彼[かれ]の 新[あたら]しい 作品[さくひん]を 見[み]ました。,名詞,作品,我看了他的新作品。,さくひん
叫[さけ]ぶ,[3] 頭高,思[おも]わず 叫[さけ]んでしまった。,動詞（五段）,喊叫、呼喊、呼籲,我忍不住大叫了一聲。,さけぶ
刺[さ]す（虫が～）,[1] 中高,蚊[か]に 刺[さ]されて かゆい。,動詞（五段）,（蟲）叮、咬、刺,我被蚊子叮，很癢。,さす
殺人[さつじん],[0] 平板,殺人[さつじん]事件[じけん]が 発生[はっせい]した。,名詞,殺人,發生了殺人事件。,さつじん
雑草[ざっそう],[3] 頭高,庭[にわ]に 雑草[ざっそう]が 生[は]えている。,名詞,雜草,院子裡長了雜草。,ざっそう
里山[さとやま],[4] 頭高,里山[さとやま]の 風景[ふうけい]は 落[お]ち着[つ]く。,名詞,里山、鄉間近山林地帶,里山的風景很讓人放鬆。,さとやま
さびしい,[3] 頭高,一人[ひとり]だと さびしいです。,形容詞,寂寞、孤單,一個人的時候會覺得寂寞。,さびしい
サプリメント,[4] 頭高,毎日[まいにち] サプリメントを 飲[の]んでいます。,名詞,健康補充品,我每天都有吃保健品。,さぷりめんと
サポートセンター,[6] 頭高,困[こま]ったら サポートセンターに 問[と]い合[あ]わせてください。,名詞,客服中心、支援中心,如有問題請聯絡客服中心。,さぽーとせんたー
冷[さ]める,[2] 中高,コーヒーが 冷[さ]めてしまった。,動詞（下一段）,變冷、變涼、減退,咖啡變冷了。,さめる
サラダ,[1] 中高,今日[きょう]は サラダを 作[つく]りました。,名詞,沙拉,我今天做了沙拉。,さらだ
さらに,[1] 中高,さらに 努力[どりょく]が 必要[ひつよう]です。,副詞,更、更加,還需要更多努力。,さらに
サラリーマン,[4] 頭高,兄[あに]は サラリーマンです。,名詞,上班族、白領,我哥哥是上班族。,さらりーまん
猿[さる],[1] 中高,山[やま]で 猿[さる]を 見[み]た。,名詞,猴子,我在山裡看到猴子。,さる
ざる,[2] 頭高,ざるに 野菜[やさい]を 入[い]れる。,名詞,竹籃、濾籃,把蔬菜放進竹籃裡。,ざる
触[さわ]る,[0] 平板,勝手[かって]に 物[もの]に 触[さわ]らないでください。,動詞（五段）,觸摸,請不要隨便碰東西。,さわる
参加者[さんかしゃ],[4] 頭高,参加者[さんかしゃ]は 50人[にん]です。,名詞,參加者,參加的人有 50 名。,さんかしゃ
残業[ざんぎょう]（する）,[0] 平板,昨日[きのう]は 遅[おそ]くまで 残業[ざんぎょう]した。,名詞／する動詞,加班,我昨天加班到很晚。,ざんぎょう
サングラス,[3] 中高,サングラスを かけて 外[そと]に 出[で]る。,名詞,太陽眼鏡,戴上太陽眼鏡走出去。,さんぐらす
参考書[さんこうしょ],[5] 頭高,試験[しけん]のために 参考書[さんこうしょ]を 買[か]った。,名詞,參考書,為了考試我買了參考書。,さんこうしょ
参考[さんこう]になる,[0] 平板,この 情報[じょうほう]は とても 参考[さんこう]になる。,句型,有參考價值、值得參考,這些資訊很有參考價值。,さんこうになる
酸素[さんそ],[1] 中高,山登[やまのぼ]りには 酸素[さんそ]が 必要[ひつよう]だ。,名詞,氧氣,爬山需要氧氣。,さんそ
缶[かん],[1] 中高,酸素[さんそ]の 缶[かん]を 持[も]っていく。,名詞,罐、鋁罐（此處指氧氣罐）,我會帶著氧氣罐。,かん
サンタクロース,[6] 頭高,子供[こども]は サンタクロースを 楽[たの]しみにしている。,名詞,聖誕老人,小孩期待著聖誕老人。,さんたくろーす
山頂[さんちょう],[0] 平板,山頂[さんちょう]からの 眺[なが]めは 最高[さいこう]だ。,名詞,山頂,從山頂的景色最棒。,さんちょう
仕入[しいれ]る,[4] 頭高,店[みせ]は 新[あたら]しい 商品[しょうひん]を 仕入[しい]れた。,動詞（下一段）,進貨、採購,店裡進了新的商品。,しいれる
塩[しお],[2] 頭高,スープに 塩[しお]を 少[すこ]し 入[い]れる。,名詞,鹽,湯裡加一點鹽。,しお
次回[じかい],[1] 中高,次回[じかい]は 来週[らいしゅう] 会[あ]いましょう。,名詞,下次,下次我們下週再見面。,じかい
資格[しかく],[0] 平板,資格[しかく]を 取[と]るために 勉強[べんきょう]している。,名詞,資格,我正在為取得資格而努力。,しかく
しかたない,[4] 頭高,渋滞[じゅうたい]だから、しかたないよ。,慣用句／形容詞型,沒辦法、無能為力,因為塞車，沒辦法啦。,しかたない
四季[しき],[1] 中高,日本[にほん]には 四季[しき]が ある。,名詞,四季,日本有四季。,しき
時期[じき],[1] 中高,梅雨[つゆ]の 時期[じき]は 雨[あめ]が 多[おお]い。,名詞,時期、季節,梅雨時期雨很多。,じき
時給[じきゅう],[0] 平板,この 仕事[しごと]は 時給[じきゅう]1200円[えん]です。,名詞,時薪,這份工作的時薪是 1200 日圓。,じきゅう
敷[し]く,[0] 平板,ベッドに シーツを 敷[し]く。,動詞（五段）,鋪、鋪墊,在床上鋪上床單。,しく
事件[じけん],[2] 中高,大[おお]きな 事件[じけん]が 起[お]きた。,名詞,事件,發生了重大事件。,じけん
指示[しじ]（する）,[1] 中高,先生[せんせい]が 指示[しじ]を 出[だ]した。,名詞／する動詞,指示,老師發出了指示。,しじ
支持[しじ]（する）,[1] 中高,彼[かれ]の 意見[いけん]を 支持[しじ]する。,名詞／する動詞,支持,我支持他的意見。,しじ
支社[ししゃ],[1] 中高,東京[とうきょう]の 支社[ししゃ]に 転勤[てんきん]した。,名詞,分公司、子公司,我調到東京的分公司。,ししゃ
支持率[しじりつ],[3] 中高,新[あたら]しい 政権[せいけん]の 支持率[しじりつ]が 上[あ]がった。,名詞,支持率,新政府的支持率上升了。,しじりつ
自信[じしん],[0] 平板,自信[じしん]が あります。,名詞,自信,我有自信。,じしん
地震[じしん],[0] 平板,昨夜[さくや] 地震[じしん]が あった。,名詞,地震,昨晚有地震。,じしん
自信[じしん]がつく,[1]＋助詞後降,練習[れんしゅう]して 自信[じしん]がついた。,句型,建立自信、獲得自信,練習後我變得有自信了。,じしんがつく
システム,[1] 中高,新[あたら]しい システムを 導入[どうにゅう]した。,名詞,系統,我們導入了新的系統。,しすてむ
施設[しせつ],[2] 中高,この 施設[しせつ]は とても 便利[べんり]だ。,名詞,設施,這個設施很方便。,しせつ
自然[しぜん],[0] 平板,自然[しぜん]の 中[なか]で 散歩[さんぽ]するのが 好[す]きです。,名詞,自然,我喜歡在大自然中散步。,しぜん
事前[じぜん],[0] 平板,事前[じぜん]に 準備[じゅんび]を しておいてください。,名詞,事前、事先,請事先做好準備。,じぜん
時代[じだい],[0] 平板,昭和[しょうわ]の 時代[じだい]を よく 知[し]っていますか。,名詞,時代,你了解昭和時代嗎？,じだい
親[した]しむ,[2] 中高,地元[じもと]の 人[ひと]に 親[した]しまれている 店[みせ]です。,動詞（五段）,親近、親密、接近,這是一家受當地人喜愛的店。,したしむ
市長[しちょう],[2] 中高,市長[しちょう]が あいさつを 行[おこな]った。,名詞,市長,市長發表了致詞。,しちょう
実感[じっかん]（する）,[0] 平板,留学[りゅうがく]して 成長[せいちょう]を 実感[じっかん]した。,名詞／する動詞,真實感受,出國後真正感受到自己的成長。,じっかん
実際[じっさい],[0] 平板,実際[じっさい]に 会[あ]って 話[はな]したい。,名詞・副詞,實際、實際上,我想實際見面談談。,じっさい
実施[じっし]（する）,[0] 平板,アンケートを 実施[じっし]します。,名詞／する動詞,實施,我們將實施問卷調查。,じっし
湿度[しつど],[1] 中高,今日[きょう]は 湿度[しつど]が 高[たか]い。,名詞,濕度,今天的濕度很高。,しつど
じっとする,[1] 中高,子供[こども]が じっとしていない。,動詞,一動不動、專心,小孩子坐不住。,じっとする
失敗[しっぱい]（する）,[0] 平板,失敗[しっぱい]しても、また 挑戦[ちょうせん]すればいい。,名詞／する動詞,失敗,即使失敗了，再挑戰就好。,しっぱい
しっぽ,[3] 中高,犬[いぬ]が しっぽを 振[ふ]って 喜[よろこ]んでいる。,名詞,尾巴,狗狗搖著尾巴很開心。,しっぽ
指導[しどう]（する）,[0] 平板,先生[せんせい]に 指導[しどう]してもらった。,名詞／する動詞,指導,我接受了老師的指導。,しどう
指導員[しどういん],[4] 頭高,運動[うんどう]クラブの 指導員[しどういん]です。,名詞,指導員,他是運動俱樂部的指導員。,しどういん
自動販売機[じどうはんばいき],[7] 頭高,自動販売機[じどうはんばいき]で 飲[の]み物[もの]を 買[か]った。,名詞,自動販賣機,我從自動販賣機買了飲料。,じどうはんばいき
支払[しはら]い,[3] 中高,今月[こんげつ]の 支払[しはら]いが 多[おお]い。,名詞,支付,這個月要付的款項很多。,しはらい
支払[しはら]う,[3] 中高,カードで 支払[しはら]うことにした。,動詞（五段）,支付、付款,我決定用信用卡付款。,しはらう
私費留学生[しひりゅうがくせい],[8] 頭高,彼[かれ]は 私費留学生[しひりゅうがくせい]として 日本[にほん]へ 来[き]た。,名詞,自費留學生,他以自費留學生身分來日本。,しひりゅうがくせい
市民[しみん],[1] 中高,市民[しみん]の 意見[いけん]を 聞[き]く。,名詞,市民,聽取市民的意見。,しみん
市民団体[しみんだんたい],[5] 頭高,市民団体[しみんだんたい]が イベントを 開催[かいさい]した。,名詞,市民團體,市民團體舉辦了活動。,しみんだんたい
市民農園[しみんのうえん],[6] 中高,市民農園[しみんのうえん]で 野菜[やさい]を 育[そだ]てている。,名詞,市民農場,我在市民農場種蔬菜。,しみんのうえん
締切[しめき]り,[0] 平板,申込[もうしこみ]の 締切[しめき]りは 明日[あした]です。,名詞,截止、屆滿,申請截止日是明天。,しめきり
占[し]める,[2] 中高,若者[わかもの]が 大半[たいはん]を 占[し]める。,動詞（一段）,占據、佔有、佔領,年輕人佔了大多數。,しめる
～者[しゃ],[1] 中高,参加者[さんかしゃ]は ここに 集[あつ]まってください。,接尾語,做～的人（如：讀者、參加者）,參加者請在這裡集合。,しゃ
視野[しや],[1] 中高,仕事[しごと]の 視野[しや]を 広[ひろ]げたい。,名詞,視野、眼界,我想拓展工作的視野。,しや
社会[しゃかい],[2] 中高,社会[しゃかい]の ルールを 学[まな]ぶ。,名詞,社會,學習社會規範。,しゃかい
社会人[しゃかいじん],[4] 頭高,社会人[しゃかいじん]としての 責任[せきにん]がある。,名詞,出社會工作的人；社會人士,身為社會人士有相應責任。,しゃかいじん
写真家[しゃしんか],[0] 平板,彼[かれ]は 有名[ゆうめい]な 写真家[しゃしんか]です。,名詞,攝影師,他是著名的攝影師。,しゃしんか
斜面[しゃめん],[2] 中高,斜面[しゃめん]を ゆっくり 降[お]りる。,名詞,斜坡、斜面,慢慢走下斜坡。,しゃめん
～周[しゅう],[1] 中高,湖[みずうみ]を 一周[いっしゅう] 走[はし]った。,接尾語,～圈（繞某物的圈數）,我繞湖跑了一圈。,しゅう
収穫[しゅうかく]（する）,[0] 平板,今年[ことし]は 米[こめ]の 収穫[しゅうかく]が 多[おお]い。,名詞／する動詞,收穫、收割,今年稻米收成很好。,しゅうかく
自由形[じゆうがた],[0] 平板,自由形[じゆうがた]の 選手[せんしゅ]が 出場[しゅつじょう]する。,名詞,自由式（游泳）,自由式選手即將出場。,じゆうがた
集客[しゅうきゃく],[0] 平板,このイベントは 集客[しゅうきゃく]に 成功[せいこう]した。,名詞,吸引客人、人潮,這活動成功吸引大量人潮。,しゅうきゃく
集合[しゅうごう]（する）,[0] 平板,10時[じゅうじ]に 駅前[えきまえ]へ 集合[しゅうごう]してください。,名詞／する動詞,集合,請 10 點到車站前集合。,しゅうごう
重傷[じゅうしょう],[0] 平板,事故[じこ]で 重傷[じゅうしょう]を 負[お]った。,名詞,重傷,在事故中受了重傷。,じゅうしょう
就職[しゅうしょく]（する）,[0] 平板,今年[ことし] IT企業[きぎょう]へ 就職[しゅうしょく]した。,名詞／する動詞,就職,我今年進入 IT 公司就職。,しゅうしょく
渋滞[じゅうたい]（する）,[0] 平板,道路[どうろ]が 渋滞[じゅうたい]している。,名詞／する動詞,塞車、堵車,道路正塞著車。,じゅうたい
終電[しゅうでん],[0] 平板,終電[しゅうでん]に 間[ま]に 合[あ]わなかった。,名詞,末班車,我沒趕上末班車。,しゅうでん
充電[じゅうでん]（する）,[0] 平板,スマホを 充電[じゅうでん]しておく。,名詞／する動詞,充電,我要幫手機充電。,じゅうでん
十分[じゅうぶん]（な）,[3] 頭高,休息[きゅうけい]は 十分[じゅうぶん] とった。,形容動詞,足夠、充分,我休息得夠多了。,じゅうぶん
住民[じゅうみん],[0] 平板,住民[じゅうみん]の 意見[いけん]を 大切[たいせつ]にする。,名詞,居民,非常重視居民的意見。,じゅうみん
終了[しゅうりょう]（する）,[0] 平板,イベントは 無事[ぶじ]に 終了[しゅうりょう]した。,名詞／する動詞,結束、完結,活動順利結束。,しゅうりょう
宿泊[しゅくはく]（する）,[0] 平板,ホテルに 宿泊[しゅくはく]する。,名詞／する動詞,住宿,住在飯店。,しゅくはく
受験[じゅけん]（する）,[0] 平板,大学[だいがく]を 受験[じゅけん]する。,名詞／する動詞,參加考試,參加大學考試。,じゅけん
取材[しゅざい]（する）,[0] 平板,記者[きしゃ]が 取材[しゅざい]に 来[き]た。,名詞／する動詞,採訪、取材,記者前來採訪。,しゅざい
手術[しゅじゅつ]（する）,[1] 中高,明日[あした] 手術[しゅじゅつ]を 受[う]ける。,名詞／する動詞,手術,明天要接受手術。,しゅじゅつ
出演[しゅつえん]（する）,[0] 平板,有名人[ゆうめいじん]が 番組[ばんぐみ]に 出演[しゅつえん]した。,名詞／する動詞,演出,名人出演了節目。,しゅつえん
出席率[しゅっせきりつ],[5] 頭高,今月[こんげつ]の 出席率[しゅっせきりつ]は とても 高[たか]い。,名詞,出席率,這個月的出席率非常高。,しゅっせきりつ
寿命[じゅみょう],[0] 平板,日本人[にほんじん]の 寿命[じゅみょう]は 長[なが]い。,名詞,壽命,日本人的壽命很長。,じゅみょう
順調[じゅんちょう]（な）,[0] 平板,計画[けいかく]は 順調[じゅんちょう]に 進[すす]んでいる。,形容動詞,順利的,計畫進行得很順利。,じゅんちょう
準備[じゅんび]（する）,[1] 中高,テストの 準備[じゅんび]を する。,名詞／する動詞,準備,準備考試。,じゅんび
体操[たいそう],[0] 平板,朝[あさ]に 体操[たいそう]を して 体[からだ]を 温[あたた]める。,名詞,體操；暖身運動,早上做體操暖身。,たいそう
正月[しょうがつ],[4] 頭高,正月[しょうがつ]には 実家[じっか]に 帰[かえ]る。,名詞,正月、元旦,正月時會回老家。,しょうがつ
しょうがない,[5] 頭高,電車[でんしゃ]が 遅[おく]れても、しょうがない。,慣用句,沒辦法、無可奈何,電車誤點也沒辦法。,しょうがない
条件[じょうけん],[3] 中高,条件[じょうけん]を よく 読[よ]んで ください。,名詞,條件,請仔細閱讀條件。,じょうけん
上司[じょうし],[1] 中高,上司[じょうし]に 報告[ほうこく]する。,名詞,上司,向上司報告。,じょうし
少子化[しょうしか],[0] 平板,日本[にほん]では 少子化[しょうしか]が 進[すす]んでいる。,名詞,少子化,日本少子化問題日益嚴重。,しょうしか
常識[じょうしき],[0] 平板,そんなことは 常識[じょうしき]だ。,名詞,常識,那是常識啊。,じょうしき
正直[しょうじき]（な）,[0] 平板,正直[しょうじき]な 人[ひと]が 好[す]きだ。,形容動詞,正直的,我喜歡正直的人。,しょうじき
状態[じょうたい],[3] 中高,パソコンの 状態[じょうたい]を 確認[かくにん]する。,名詞,狀態,確認電腦的狀態。,じょうたい
冗談[じょうだん],[3] 中高,冗談[じょうだん]を 言[い]って 笑[わら]わせる。,名詞,玩笑,說笑話讓大家笑。,じょうだん
商店街[しょうてんがい],[4] 頭高,休日[きゅうじつ]に 商店街[しょうてんがい]を 散歩[さんぽ]する。,名詞,商店街,假日會去商店街散步。,しょうてんがい
消費者[しょうひしゃ],[4] 頭高,消費者[しょうひしゃ]の 意見[いけん]を 重視[じゅうし]する。,名詞,消費者,重視消費者意見。,しょうひしゃ
消費税[しょうひぜい],[4] 頭高,日本[にほん]の 消費税[しょうひぜい]は 10%です。,名詞,消費稅,日本的消費稅是 10%。,しょうひぜい
商品[しょうひん],[1] 中高,新[あたら]しい 商品[しょうひん]が 発売[はつばい]された。,名詞,商品,新商品上市了。,しょうひん
賞品[しょうひん],[0] 平板,大会[たいかい]で 賞品[しょうひん]を もらった。,名詞,獎品,我在比賽中得到了一項獎品。,しょうひん
情報[じょうほう],[0] 平板,インターネットで 情報[じょうほう]を 調[しら]べる。,名詞,訊息、情報,用網路查資料。,じょうほう
証明[しょうめい]（する）,[0] 平板,自分[じぶん]の 無実[むじつ]を 証明[しょうめい]する。,名詞／する動詞,證明,證明自己的清白。,しょうめい
ショー,[1] 中高,ファッションショーを 見[み]に 行[い]く。,名詞,秀、表演,去看時尚秀。,しょー
食材[しょくざい],[0] 平板,新鮮[しんせん]な 食材[しょくざい]を 買[か]う。,名詞,食材,買新鮮的食材。,しょくざい
食中毒[しょくちゅうどく],[5] 頭高,古[ふる]い 肉[にく]で 食中毒[しょくちゅうどく]になった。,名詞,食物中毒,因為變質的肉而食物中毒。,しょくちゅうどく
職場[しょくば],[0] 平板,職場[しょくば]の 人間関係[にんげんかんけい]は 大切[たいせつ]だ。,名詞,職場,職場的人際關係很重要。,しょくば
初心者[しょしんしゃ],[0] 平板,日本語[にほんご]の 初心者[しょしんしゃ]です。,名詞,初學者,我是日文初學者。,しょしんしゃ
ショッピングセンター,[5] 頭高,週末[しゅうまつ]に ショッピングセンターへ 行[い]く。,名詞,購物中心,週末會去購物中心。,しょっぴんぐせんたー
知り合い[しりあい],[0] 平板,昨日[きのう]、 知[し]り合[あ]いに 会[あ]った。,名詞,認識的人，熟人,昨天遇到一位熟人。,しりあい
シロイルカ,[4] 頭高,水族館[すいぞくかん]で シロイルカを 見[み]た。,名詞,白鯨,在水族館看到白鯨。,しろいるか
しわ,[0] 平板,顔[かお]に しわが 増[ふ]えた。,名詞,皺紋,臉上的皺紋變多了。,しわ
真剣[しんけん]（な）,[0] 平板,真剣[しんけん]に 勉強[べんきょう]している。,形容動詞,認真，一本正經,他正在認真學習。,しんけん
深刻[しんこく]（な）,[0] 平板,深刻[しんこく]な 問題[もんだい]だ。,形容動詞,嚴重，深刻,這是個嚴重的問題。,しんこく
人事[じんじ],[0] 平板,人事[じんじ]の 仕事[しごと]を している。,名詞,人事,我在做 HR 相關工作。,じんじ
新製品[しんせいひん],[4] 頭高,新製品[しんせいひん]が 発売[はつばい]された。,名詞,新產品,新產品已上市。,しんせいひん
新鮮[しんせん]（な）,[0] 平板,新鮮[しんせん]な 野菜[やさい]を 買[か]った。,形容動詞,新鮮,買了新鮮蔬菜。,しんせん
新入社員[しんにゅうしゃいん],[5] 頭高,今年[ことし]は 新入社員[しんにゅうしゃいん]が 10人[にん] 入[はい]った。,名詞,新人，新員工,今年進了 10 位新員工。,しんにゅうしゃいん
進歩[しんぽ]（する）,[1] 中高,日本語[にほんご]が 進歩[しんぽ]した。,名詞／する動詞,進步,日文有進步。,しんぽ
親友[しんゆう],[0] 平板,親友[しんゆう]に 相談[そうだん]する。,名詞,好朋友，摯友,和摯友商量。,しんゆう
信頼[しんらい]（する）,[0] 平板,彼[かれ]を 信頼[しんらい]している。,名詞／する動詞,信賴，信任,我信任他。,しんらい
信頼関係[しんらいかんけい],[5] 頭高,二人[ふたり]の 間[あいだ]に 信頼関係[しんらいかんけい]が ある。,名詞,信任關係,他們之間有互信關係。,しんらいかんけい
人類[じんるい],[1] 中高,人類[じんるい]の 歴史[れきし]は 長[なが]い。,名詞,人類,人類的歷史很長。,じんるい
進路[しんろ],[1] 中高,進路[しんろ]を 決[き]める。,名詞,前途方向、前進路線,決定未來方向。,しんろ
新郎[しんろう],[0] 平板,新郎[しんろう]が 挨拶[あいさつ]を する。,名詞,新郎,新郎致詞。,しんろう
水分[すいぶん],[1] 中高,水分[すいぶん]を 取[と]る。,名詞,水分,補充水分。,すいぶん
ずいぶん,[1] 中高,ずいぶん 良[よ]く なった。,副詞,非常，相當,好了非常多。,ずいぶん
数学[すうがく],[0] 平板,数学[すうがく]を 勉強[べんきょう]する。,名詞,數學,學數學。,すうがく
スーツケース,[5] 頭高,スーツケースを 持[も]って 旅行[りょこう]する。,名詞,行李箱,帶行李箱去旅行。,すーつけーす
好き嫌い[すききらい]（する）,[2] 中高,食[た]べ物[もの]の 好[す]き嫌[き]らいが 多[おお]い。,名詞／する動詞,好惡；挑剔,他對食物很挑。,すききらい
進める[すすめる],[0] 平板,仕事[しごと]を 進[すす]める。,他動詞,推進、推展,推進工作。,すすめる
スター,[1] 中高,彼[かれ]は 世界的[せかいてき]な スターだ。,名詞,明星；星星,他是世界級明星。,すたー
スタッフ,[2] 中高,スタッフに 聞[き]いて ください。,名詞,工作人員,請問工作人員。,すたっふ
頭痛[ずつう],[0] 平板,頭痛[ずつう]が ひどい。,名詞,頭痛,我頭痛得很厲害。,ずつう
すっかり,[3] 中高,宿題[しゅくだい]を すっかり 忘[わす]れた。,副詞,完全地，徹底地,完全忘了寫作業。,すっかり
すてき（な）,[0] 平板,すてきな ドレスですね。,形容動詞,極好、漂亮、絕妙、酷,這件洋裝好漂亮呢。,すてき
ストレス,[2] 中高,最近[さいきん] ストレスが 多[おお]い。,名詞,壓力,最近壓力很大。,すとれす
ストレスがたまる,—,仕事[しごと]で ストレスが たまる。,句型,壓力累積、壓力大,因為工作壓力累積。,すとれすがたまる
スパゲティ,[4] 頭高,昼[ひる]に スパゲティを 食[た]べた。,名詞,義大利麵,中午吃了義大利麵。,すぱげてぃ
スピード,[0] 平板,スピードを 出[だ]しすぎないで。,名詞,速度,不要開太快。,すぴーど
スポーツクラブ,[6] 頭高,スポーツクラブに 通[かよ]っている。,名詞,運動俱樂部，健身房,我在去健身房。,すぽーつくらぶ
スポーツ選手[せんしゅ],[3] 中高,彼[かれ]は 有名[ゆうめい]な スポーツ選手[せんしゅ]だ。,名詞,運動選手,他是位有名的運動選手。,すぽーつせんしゅ
済む[すむ],[1] 中高,この 問題[もんだい]は これで 済[す]む。,自動詞,完成，結束；了結,這個問題這樣就能解決。,すむ
～製[せい],[0] 平板,日本製[にほんせい]の カメラ。,接尾語,～製，表示產地或材質,日本製的相機。,せい
性格[せいかく],[0] 平板,性格[せいかく]が 明[あか]るい。,名詞,性格,他性格開朗。,せいかく
正確[せいかく]（な）,[0] 平板,正確[せいかく]な 情報[じょうほう]が 必要[ひつよう]だ。,形容動詞,正確的,需要正確的資訊。,せいかく
生活費[せいかつひ],[4] 頭高,生活費[せいかつひ]を 節約[せつやく]する。,名詞,生活費,節省生活費。,せいかつひ
成功[せいこう]（する）,[0] 平板,試験[しけん]に 成功[せいこう]した。,名詞／する動詞,成功,考試成功了。,せいこう
政策[せいさく],[0] 平板,新[あたら]しい 政策[せいさく]が 発表[はっぴょう]された。,名詞,政策,公布了新的政策。,せいさく
生産[せいさん]（する）,[0] 平板,車[くるま]を 生産[せいさん]する 工場[こうじょう]。,名詞／する動詞,生產,生產汽車的工廠。,せいさん
政治[せいじ],[0] 平板,日本[にほん]の 政治[せいじ]に 興味[きょうみ]がある。,名詞,政治,我對日本政治有興趣。,せいじ
正社員[せいしゃいん],[3] 中高,正社員[せいしゃいん]として 働[はたら]いている。,名詞,正式職員，全職,以正式員工身分工作。,せいしゃいん
成人式[せいじんしき],[4] 頭高,成人式[せいじんしき]に 出席[しゅっせき]する。,名詞,成年禮,參加成年禮。,せいじんしき
成績[せいせき],[0] 平板,成績[せいせき]が 上[あ]がった。,名詞,成績,成績進步了。,せいせき
性能[せいのう],[0] 平板,この パソコンは 性能[せいのう]が いい。,名詞,性能,這台電腦性能很好。,せいのう
製品[せいひん],[1] 中高,新[あたら]しい 製品[せいひん]を 発売[はつばい]する。,名詞,產品,新產品上市。,せいひん
生物[せいぶつ],[1] 中高,生物[せいぶつ]の 進化[しんか]について 学[まな]ぶ。,名詞,生物,學習生物的演化。,せいぶつ
声優[せいゆう],[0] 平板,彼[かれ]は 人気[にんき]の 声優[せいゆう]です。,名詞,聲優，配音演員,他是很受歡迎的聲優。,せいゆう
整理[せいり]（する）,[1] 中高,部屋[へや]を 整理[せいり]する。,名詞／する動詞,整理,整理房間。,せいり
セール,[1] 中高,セールで 安[やす]く 買[か]えた。,名詞,大減價，拍賣,在特價時便宜買到。,せーる
世界[せかい] 各地[かくち],[1]/[1],世界各地[せかいかくち]から 観光客[かんこうきゃく]が 来[く]る。,名詞,世界各地,來自世界各地的觀光客。,せかい / かくち
背[せ]が伸びる,[0] 平板,子供[こども]の 背[せ]が 伸[の]びた。,句型,個子長高,小孩長高了。,せがのびる
せき,[2] 中高,せきが 出[で]る。,名詞,咳嗽,咳嗽。,せき
積雪[せきせつ],[0] 平板,今朝[けさ]は 積雪[せきせつ]が 多[おお]い。,名詞,積雪,今天早上積雪很多。,せきせつ
世代[せだい],[0] 平板,若[わか]い 世代[せだい]に 人気[にんき]だ。,名詞,世代，輩分,在年輕世代中很受歡迎。,せだい
せっかく,[0] 平板,せっかく 来[き]たのに、 休業[きゅうぎょう]だった。,副詞,特意、難得、好不容易,難得來了，結果公休。,せっかく
接待[せったい]（する）,[0] 平板,お客様[きゃくさま]を 接待[せったい]する。,名詞／する動詞,接待、招待,接待客人。,せったい
設定[せってい]（する）,[0] 平板,アラームを 設定[せってい]する。,名詞／する動詞,設定,設定鬧鐘。,せってい
セット,[1] 中高,タオルの セットを 買[か]う。,名詞,套組、套裝,買了毛巾套組。,せっと
設備[せつび],[1] 中高,この 建物[たてもの]は 設備[せつび]が いい。,名詞,設備,這棟建築的設備很好。,せつび
説明書[せつめいしょ],[5] 頭高,説明書[せつめいしょ]を よく 読[よ]む。,名詞,說明書,仔細閱讀說明書。,せつめいしょ
背中[せなか],[0] 平板,背中[せなか]が 痛[いた]い。,名詞,背、背部,背部好痛。,せなか
攻める[せめる],[2] 中高,相手[あいて]を 攻[せ]める。,他動詞,攻擊、進攻,攻擊對手。,せめる
世話[せわ]（する）,[2] 中高,犬[いぬ]の 世話[せわ]を する。,名詞／する動詞,照顧、幫忙,照顧狗狗。,せわ
全員[ぜんいん],[0] 平板,全員[ぜんいん]が 集[あつ]まった。,名詞,全員,全員都集合了。,ぜんいん
専攻[せんこう]（する）,[0] 平板,経済[けいざい]を 専攻[せんこう]している。,名詞／する動詞,專攻,主修經濟。,せんこう
先日[せんじつ],[0] 平板,先日[せんじつ] お話[はな]ししたとおり…,名詞,前些天,如同前幾天提到的那樣……,せんじつ
前日[ぜんじつ],[0] 平板,前日[ぜんじつ]に 準備[じゅんび]する。,名詞,前一天,在前一天做準備。,ぜんじつ
選手[せんしゅ],[1] 中高,サッカーの 選手[せんしゅ]。,名詞,選手,足球選手。,せんしゅ
全速力[ぜんそくりょく],[5] 頭高,全速力[ぜんそくりょく]で 走[はし]る。,名詞,全速力,以最快速度奔跑。,ぜんそくりょく
全体[ぜんたい],[0] 平板,全体[ぜんたい]の 意見[いけん]を 聞[き]く。,名詞,全體，整體,聽取全體的意見。,ぜんたい
洗濯物[せんたくもの],[0] 平板,洗濯物[せんたくもの]を 干[ほ]す。,名詞,要洗的衣物；洗好的衣物,把洗好的衣服晾起來。,せんたくもの
宣伝[せんでん]（する）,[0] 平板,新[あたら]しい 商品[しょうひん]を 宣伝[せんでん]する。,名詞／する動詞,宣傳,宣傳新商品。,せんでん
専門[せんもん],[0] 平板,私[わたし]の 専門[せんもん]は 経済[けいざい]です。,名詞,專門,我的專業是經濟。,せんもん
専門家[せんもんか],[0] 平板,専門家[せんもんか]の 意見[いけん]を 聞[き]く。,名詞,專家,聽取專家的意見。,せんもんか
専門分野[せんもんぶんや],[0]/[1],彼[かれ]の 専門分野[せんもんぶんや]は 物理[ぶつり]だ。,名詞,專業領域,他的專業領域是物理。,せんもんぶんや
騒音[そうおん],[0] 平板,工事[こうじ]の 騒音[そうおん]が ひどい。,名詞,噪音,施工的噪音很嚴重。,そうおん
操作[そうさ]（する）,[1] 中高,この 機械[きかい]を 操作[そうさ]する。,名詞／する動詞,操作,操作這台機器。,そうさ
送信[そうしん]（する）,[0] 平板,メールを 送信[そうしん]する。,名詞／する動詞,傳訊、發送,發送電子郵件。,そうしん
想像[そうぞう]（する）,[0] 平板,未来[みらい]を 想像[そうぞう]する。,名詞／する動詞,想像,想像未來。,そうぞう
早退[そうたい]（する）,[0] 平板,体調[たいちょう]が 悪[わる]くて 早退[そうたい]した。,名詞／する動詞,早退,身體不舒服所以早退了。,そうたい
送別会[そうべつかい],[5] 頭高,同僚[どうりょう]のために 送別会[そうべつかい]を 開[ひら]く。,名詞,歡送會,為同事舉行歡送會。,そうべつかい
速達[そくたつ],[0] 平板,書類[しょるい]を 速達[そくたつ]で 送[おく]る。,名詞,快件、特快件,用快件寄送文件。,そくたつ
卒業論文[そつぎょうろんぶん],[6] 頭高,卒業論文[そつぎょうろんぶん]を 書[か]いている。,名詞,畢業論文,我正在寫畢業論文。,そつぎょうろんぶん
そっとしておく,—,彼[かれ]は 今[いま] そっとしておいたほうがいい。,慣用句,放著不管、擱置,現在最好先別打擾他。,そっとしておく
そのくせ,[0] 平板,彼[かれ]は 忙[いそが]しい。そのくせ 連絡[れんらく]は 忘[わす]れる。,副詞,儘管如此；可是,他明明很忙，卻又常忘記聯絡。,そのくせ
そば,[1] 中高,私[わたし]の そばに 来[き]て。,名詞,旁邊,來我旁邊。,そば
祖父[そふ],[1] 中高,祖父[そふ]は 今年[ことし]90歳[きゅうじゅっさい]です。,名詞,祖父、外祖父,我的爺爺／外公今年 90 歲。,そふ
ソファー,[1] 中高,ソファーに 座[すわ]る。,名詞,沙發,坐在沙發上。,そふぁー
祖母[そぼ],[1] 中高,祖母[そぼ]の 家[いえ]に 行[い]く。,名詞,祖母、外祖母,去奶奶／外婆家。,そぼ
染まる[そまる],[2] 中高,空[そら]が 夕日[ゆうひ]に 染[そ]まる。,自動詞,被染上、著色,天空被夕陽染紅。,そまる
染める[そめる],[2] 中高,髪[かみ]を 赤[あか]く 染[そ]める。,他動詞,染色,把頭髮染成紅色。,そめる
それほど〜ない,—,想像[そうぞう]したほど 難[むずか]しく ない。,文型,沒那麼〜,沒有想像中那麼難。,それほど〜ない
〜代[だい]（～費）,[1] 中高,電気代[でんきだい]が 高[たか]い。,名詞,用於費用（〜費）,電費很高。,だい
退院[たいいん]（する）,[0] 平板,明日[あした] 退院[たいいん]する。,名詞／する動詞,出院,明天出院。,たいいん
ダイエット（する）,[1] 中高,夏[なつ]までに ダイエットする。,名詞／する動詞,減肥,我要在夏天之前減肥。,だいえっと
対応[たいおう]（する）,[0] 平板,クレームに 対応[たいおう]する。,名詞／する動詞,對應、回應,處理客訴。,たいおう
大企業[だいきぎょう],[4] 頭高,大企業[だいきぎょう]に 就職[しゅうしょく]したい。,名詞,大企業、大公司,我想進大企業工作。,だいきぎょう
滞在[たいざい]（する）,[0] 平板,日本[にほん]に 一週間[いっしゅうかん] 滞在[たいざい]する。,名詞／する動詞,滯留、停留,在日本停留一週。,たいざい
大事故[だいじこ],[3] 頭高,この 道[みち]で 大事故[だいじこ]が 発生[はっせい]した。,名詞,重大事故,這條路發生重大事故。,だいじこ
体重計[たいじゅうけい],[0] 平板,体重計[たいじゅうけい]に 乗[の]る。,名詞,體重計,站上體重計。,たいじゅうけい
体操[たいそう],[0] 平板,朝[あさ]に 体操[たいそう]を する。,名詞,體操,早上做體操。,たいそう
だいたい,[0] 平板,だいたい 分[わ]かった。,副詞,大致、大概,大概明白了。,だいたい
体調[たいちょう],[0] 平板,今日は 体調[たいちょう]が よくない。,名詞,身體狀況,今天身體不太舒服。,たいちょう
態度[たいど],[1] 中高,彼[かれ]の 態度[たいど]は よくない。,名詞,態度,他的態度不好。,たいど
大統領[だいとうりょう],[4] 頭高,大統領[だいとうりょう]が 記者会見[きしゃかいけん]を 行[おこな]った。,名詞,總統,總統舉行了記者會。,だいとうりょう
台所[だいどころ],[0] 平板,台所[だいどころ]で 料理[りょうり]を する。,名詞,廚房,在廚房做菜。,だいどころ
大都市[だいとし],[3] 頭高,東京[とうきょう]は 世界[せかい]の 大都市[だいとし]だ。,名詞,大城市、大都市,東京是世界級的大都市。,だいとし
タイトル,[1] 中高,この 本[ほん]の タイトルは 面白[おもしろ]い。,名詞,題目、標題,這本書的標題很有趣。,たいとる
タイプ,[1] 中高,私[わたし]の タイプは 優[やさ]しい 人[ひと]だ。,名詞,類型、型號；喜好類型,我喜歡溫柔的人。,たいぷ
ダイヤ（電車の〜）,[1] 中高,電車[でんしゃ]の ダイヤが 乱[みだ]れている。,名詞,列車時刻表,列車時刻表大亂。,だいや
太陽[たいよう],[1] 中高,太陽[たいよう]が 昇[のぼ]る。,名詞,太陽,太陽升起。,たいよう
体力[たいりょく],[1] 中高,体力[たいりょく]が 落[お]ちてきた。,名詞,體力,體力變差了。,たいりょく
宝くじ[たからくじ],[4] 頭高,宝くじ[たからくじ]が 当[あ]たった！,名詞,彩券,我中了彩券！,たからくじ
抱く[だく],[0] 平板,赤[あか]ちゃんを 抱[だ]く。,他動詞,擁抱、抱著,抱著嬰兒。,だく
確かめる[たしかめる],[4] 頭高,メールを 確[たし]かめる。,他動詞,確認、查明,確認電子郵件。,たしかめる
他社[たしゃ],[1] 中高,他社[たしゃ]の 製品[せいひん]を 調[しら]べる。,名詞,其他公司,調查其他公司的產品。,たしゃ
訪ねる[たずねる],[3] 頭高,友[とも]だちの 家[いえ]を 訪[たず]ねる。,他動詞,拜訪、造訪,拜訪朋友家。,たずねる
ただ,[1] 中高,この 飲[の]み物[もの]は ただです。,副詞／名詞,免費,這個飲料免費。,ただ
たたく,[2] 中高,ドアを たたく。,動詞,敲、敲擊；拍手；攻擊,敲門。,たたく
立[た]ち上[あ]がる,[4] 頭高,彼[かれ]は いすから 立[た]ち上[あ]がった。,動詞,起立；站起；著手,他從椅子上站了起來。,たちあがる
たっぷり,[3] 中高,時間[じかん]が たっぷり ある。,副詞,充分，足夠,有充裕的時間。,たっぷり
多方面[たほうめん],[0] 平板,多方面[たほうめん]から 検討[けんとう]する。,名詞,多方面,從多方面檢討。,たほうめん
試[ため]す,[2] 中高,新[あたら]しい 方法[ほうほう]を 試[ため]す。,動詞,嘗試,嘗試新的方法。,ためす
保[たも]つ,[2] 中高,体調[たいちょう]を 保[たも]つ。,動詞,保持，維持；保存,維持身體狀況。,たもつ
頼[たよ]る,[2] 中高,友達[ともだち]に 頼[たよ]る。,動詞,依靠、依賴、仰賴,依靠朋友。,たよる
単位[たんい]を 取[と]る,[1] 中高,来学期[らいがっき]に 単位[たんい]を 取[と]る。,慣用表現,取得學分,下學期要取得學分。,たんいをとる
短気[たんき]な,[1] 中高,彼[かれ]は 短気[たんき]な 性格[せいかく]だ。,形容動詞,急性子；沒耐心,他是急性子。,たんき
単語[たんご],[0] 平板,単語[たんご]を 覚[おぼ]える。,名詞,單字,背單字。,たんご
短縮[たんしゅく]（する）,[0] 平板,時間[じかん]を 短縮[たんしゅく]する。,名詞／する動詞,縮短,縮短時間。,たんしゅく
担当[たんとう]（する）,[0] 平板,この 仕事[しごと]を 担当[たんとう]する。,名詞／する動詞,負責、擔當,我負責這項工作。,たんとう
担当者[たんとうしゃ],[4] 頭高,担当者[たんとうしゃ]に 連絡[れんらく]してください。,名詞,負責人,請聯絡負責人。,たんとうしゃ
地域[ちいき],[1] 中高,この 地域[ちいき]は 静[しず]かだ。,名詞,地區,這個地區很安靜。,ちいき
チーズ,[1] 中高,チーズを 食[た]べる。,名詞,起司，乳酪,吃起司。,ちーず
チームワーク,[4] 頭高,チームワークが 大事[だいじ]だ。,名詞,團隊合作,團隊合作很重要。,ちーむわーく
チェック（する）,[1] 中高,書類[しょるい]を チェックする。,名詞／する動詞,確認，核對,確認文件。,ちぇっく
違[ちが]い,[0] 平板,この 二[ふた]つには 大[おお]きな 違[ちが]いが ある。,名詞,不同，差異,這兩者差很多。,ちがい
近[ちか]づく,[3] 中高,車[くるま]が 近[ちか]づいてきた。,動詞,靠近,車子靠近了。,ちかづく
力[ちから]を 合[あ]わせる,[4] 頭高,みんなで 力[ちから]を 合[あ]わせる。,動詞,齊心協力，合作,大家一起合作。,ちからをあわせる
地球上[ちきゅうじょう],[0] 平板,地球上[ちきゅうじょう]に 多[おお]くの 生物[せいぶつ]が いる。,名詞,地球上,地球上有很多生物。,ちきゅうじょう
地方[ちほう],[2] 中高,地方[ちほう]に 引[ひ]っ越[こ]す。,名詞,地方，外地,搬到外地。,ちほう
知名度[ちめいど],[2] 中高,その 商品[しょうひん]は 知名度[ちめいど]が 高[たか]い。,名詞,知名度,那個商品知名度很高。,ちめいど
チャイム,[1] 中高,チャイムが 鳴[な]った。,名詞,門鈴,門鈴響了。,ちゃいむ
チャリティコンサート,[7] 頭高,チャリティコンサートが 開催[かいさい]された。,名詞,慈善音樂會,舉辦了慈善音樂會。,ちゃりてぃこんさーと
チャンス,[1] 中高,今回[こんかい]は 大[おお]きな チャンスだ。,名詞,機會,這次是個大好機會。,ちゃんす
駐車場[ちゅうしゃじょう],[0] 平板,駐車場[ちゅうしゃじょう]に 車[くるま]を 止[と]めた。,名詞,停車場,把車停在停車場。,ちゅうしゃじょう
抽選[ちゅうせん],[0] 平板,抽選[ちゅうせん]で 商品[しょうひん]が 当[あ]たった。,名詞／する動詞,抽獎；抽籤,在抽獎中中了獎品。,ちゅうせん
注文[ちゅうもん]（する）,[0] 平板,ピザを 注文[ちゅうもん]する。,名詞／する動詞,訂購；預訂,訂披薩。,ちゅうもん
調査[ちょうさ]（する）,[1] 中高,市[し]の 調査[ちょうさ]が 行[おこな]われた。,名詞／する動詞,調查,市政府進行了調查。,ちょうさ
調子[ちょうし]が悪[わる]い,[0] 平板,今日[きょう]は 調子[ちょうし]が悪[わる]い。,句型,身體狀況不好,我今天身體不太舒服。,ちょうしがわるい
頂上[ちょうじょう],[3] 頭高,頂上[ちょうじょう]に 到着[とうちゃく]した。,名詞,頂峰，山頂,抵達山頂。,ちょうじょう
朝食[ちょうしょく],[0] 平板,朝食[ちょうしょく]を 食[た]べる。,名詞,早餐,吃早餐。,ちょうしょく
ちょうだいする,[0] 平板,お水[みず]を ちょうだいしても いいですか。,動詞（謙讓）,得到（もらう的禮貌說法）,我可以拿點水嗎？,ちょうだいする
散[ち]らかっている,—,部屋[へや]が 散[ち]らかっている。,動詞,亂七八糟，凌亂,房間亂七八糟的。,ちらかっている
散[ち]り始[はじ]め,—,桜[さくら]が 散[ち]り始[はじ]めた。,動詞,開始凋零，開始散落,櫻花開始凋落。,ちりはじめ
治療[ちりょう]（する）,[0] 平板,病気[びょうき]を 治療[ちりょう]する。,名詞／する動詞,治療,治療疾病。,ちりょう
治療法[ちりょうほう],[0] 平板,新[あたら]しい 治療法[ちりょうほう]が 見[み]つかった。,名詞,治療法,找到新的治療方法。,ちりょうほう
通勤[つうきん]（する）,[0] 平板,毎日[まいにち] 電車[でんしゃ]で 通勤[つうきん]する。,名詞／する動詞,通勤，上下班,每天搭電車通勤。,つうきん
通信販売[つうしんはんばい],[7] 頭高,通信販売[つうしんはんばい]で 商品[しょうひん]を 買[か]う。,名詞,電子商務（郵購）,透過網路郵購買東西。,つうしんはんばい
通知[つうち]（する）,[0] 平板,合格[ごうかく]の 通知[つうち]が 来[き]た。,名詞／する動詞,通知,收到合格通知。,つうち
通訳[つうやく],[1] 中高,会議[かいぎ]で 通訳[つうやく]をする。,名詞,翻譯（口譯）,在會議中做口譯。,つうやく
付[つ]き合[あ]う,[3] 頭高,友達[ともだち]と 付[つ]き合[あ]う。,動詞,交往，來往；陪伴,和朋友交往／陪伴朋友。,つきあう
机[つくえ],[0] 平板,新[あたら]しい 机[つくえ]を 買[か]った。,名詞,書桌，桌子,買了新的書桌。,つくえ
（水に）つける,—,野菜[やさい]を 水[みず]に つける。,動詞,蘸、浸泡（水）,把蔬菜泡在水裡。,つける
土[つち],[2] 中高,土[つち]を 鉢[はち]に 入[い]れる。,名詞,土壤,把土放進花盆。,つち
津波[つなみ],[0] 平板,津波[つなみ]の 被害[ひがい]が 出[で]た。,名詞,海嘯,出現海嘯災害。,つなみ
つぶす,[0] 平板,芋[いも]を つぶす。,動詞,弄碎；使破產；消磨,把馬鈴薯壓碎。,つぶす
梅雨[つゆ],[2] 中高,梅雨[つゆ]に 入[はい]る。,名詞,梅雨季,進入梅雨季。,つゆ
梅雨明[つゆあ]け（する）,[0] 平板,梅雨明[つゆあ]けした。,名詞／する動詞,梅雨季結束,梅雨季結束了。,つゆあけ
強気[つよき]（な）,[0] 平板,彼[かれ]は 強気[つよき]な 態度[たいど]で 交渉[こうしょう]した。,な形容詞,堅決、強硬；看漲,他以強硬的態度談判。,つよき
つらい,[2] 中高,仕事[しごと]が 忙[いそが]しくて つらい。,い形容詞,痛苦、難受；殘酷,工作太忙，好痛苦。,つらい
手足[てあし],[1] 頭高,寒[さむ]くて 手足[てあし]が 冷[ひ]えている。,名詞,手腳,因為冷，手腳冰冰的。,てあし
Tシャツ,[0] 平板,新[あたら]しい Tシャツを 買[か]った。,名詞,T 恤,買了新的 T 恤。,ティーシャツ
定員[ていいん],[0] 平板,このクラスの 定員[ていいん]は 30人[さんじゅうにん]です。,名詞,預定人數,這個班級的額滿人數是 30 人。,ていいん
提出[ていしゅつ]（する）,[0] 平板,報告[ほうこく]を 提出[ていしゅつ]した。,名詞／する動詞,提出,已經提交報告了。,ていしゅつ
ディスカッション,[4] 中高,授業[じゅぎょう]で ディスカッションを 行[おこな]う。,名詞,討論,在課堂上進行討論。,ディスカッション
ディナー,[1] 頭高,今夜[こんや]は ディナーを 食[た]べに 行[い]く。,名詞,晚餐,今晚要去吃晚餐。,ディナー
デート,[1] 頭高,彼女[かのじょ]と デートする。,名詞／する動詞,約會,和女朋友去約會。,デート
テーマ,[1] 頭高,今日[きょう]の テーマは「環境問題[かんきょうもんだい]」です。,名詞,主題,今天的主題是「環境問題」。,テーマ
手軽[てがる]（な）,[0] 平板,手軽[てがる]に 作[つく]れる 料理[りょうり]です。,な形容詞,簡單、輕便、簡便,這是一道簡單能做的料理。,てがる
デザイン事務所[じむしょ],[4] 中高,デザイン事務所[じむしょ]に 勤[つと]めている。,名詞,設計公司，設計工作室,我在設計公司工作。,デザインじむしょ
デジカメ,[0] 平板,デジカメで 写真[しゃしん]を 撮[と]る。,名詞,數位相機,用數位相機拍照。,デジカメ
鉄[てつ],[2] 中高,これは 鉄[てつ]で 作[つく]られている。,名詞,鐵,這是用鐵做的。,てつ
手伝い[てつだい],[3] 中高,家事[かじ]の 手伝[てつだ]いをする。,名詞,幫忙,幫忙做家事。,てつだい
手続[てつづ]き（する）,[2] 中高,入学[にゅうがく]の 手続[てつづ]きをする。,名詞／する動詞,手續,辦入學手續。,てつづき
徹夜[てつや]（する）,[0] 平板,昨日[きのう]は 徹夜[てつや]した。,名詞／する動詞,熬夜、徹夜,昨晚熬夜了。,てつや
手[て]に入[い]れる,—,ずっと 欲[ほ]しかった 本[ほん]を 手[て]に入[い]れた。,動詞,得到；入手,得到了一直想要的書。,てにいれる
テニスコート,[4] 中高,テニスコートで 練習[れんしゅう]する。,名詞,網球場,在網球場練習。,テニスコート
手荷物[てにもつ],[2] 中高,手荷物[てにもつ]を 受[う]け取[と]る。,名詞,手提行李,領取手提行李。,てにもつ
手元[てもと],[0] 平板,手元[てもと]に 置[お]いておく。,名詞,手邊、身邊,把它放在手邊。,てもと
テレビ局[きょく],[2] 中高,テレビ局[きょく]で 働[はたら]いている。,名詞,電視台,在電視台工作。,テレビきょく
電気自動車[でんきじどうしゃ],[6] 中高,電気自動車[でんきじどうしゃ]を 運転[うんてん]する。,名詞,電動汽車,開電動車。,でんきじどうしゃ
電球[でんきゅう],[0] 平板,電球[でんきゅう]を 交換[こうかん]する。,名詞,燈泡,更換燈泡。,でんきゅう
転勤[てんきん]（する）,[0] 平板,夫[おっと]が 大阪[おおさか]に 転勤[てんきん]した。,名詞／する動詞,調職、工作調動,我老公調到大阪工作。,てんきん
天候不順[てんこうふじゅん],てんこう[0] + ふじゅん[2],今年[ことし]は 天候不順[てんこうふじゅん]で 作物[さくもつ]が よく 育[そだ]たない。,名詞,天氣不好、氣候不佳,今年因天氣不佳，作物長得不好。,てんこうふじゅん
電池[でんち],[0] 平板,リモコンの 電池[でんち]を 交換[こうかん]した。,名詞,電池,我換了遙控器的電池。,でんち
伝統[でんとう],[0] 平板,日本[にほん]の 伝統[でんとう]文化[ぶんか]を 学[まな]ぶ。,名詞,傳統,學習日本的傳統文化。,でんとう
電波[でんぱ],[1] 頭高,この 部屋[へや]は 電波[でんぱ]が 弱[よわ]い。,名詞,電波；訊號,這個房間的訊號很弱。,でんぱ
～度[ど],—,温度[おんど]は 30度[ど]を 超[こ]えた。,接尾詞,～度，表示度數、程度,溫度超過 30 度。,ど
問[と]い合わせ,といあわせ[4] 中高,店[みせ]に 詳[くわ]しい 情報[じょうほう]を 問[と]い合わせた。,名詞,洽詢、詢問,我向店家詢問了詳細資訊。,といあわせ
トイレットペーパー,[5] 中高,トイレットペーパーを 買[か]いに 行[い]く。,名詞,衛生紙,我要去買衛生紙。,トイレットペーパー
当〜[とう〜],—,当店[とうてん]は 休業日[きゅうぎょうび]です。,接頭詞,該～、本～,本店今日公休。,とう〜
東京スカイツリー[とうきょうスカイツリー],スカイツリー[5],東京[とうきょう]スカイツリーに 登[のぼ]った。,名詞,東京晴空塔,我去爬了東京晴空塔。,とうきょうスカイツリー
倒産[とうさん]（する）,[0] 平板,会社[かいしゃ]が 倒産[とうさん]した。,名詞／する動詞,倒閉、破產,公司倒閉了。,とうさん
当日[とうじつ],[1] 頭高,発表会[はっぴょうかい]の 当日[とうじつ]は 早[はや]めに 来[き]てください。,名詞,當天,發表會當天請早點到。,とうじつ
同時[どうじ]に,[0] 平板,二[ふた]つの 事件[じけん]が 同時[どうじ]に 起[お]きた。,副詞,同時地,兩件事件同時發生。,どうじに
登場[とうじょう]（する）,[0] 平板,新[あたら]しい 商品[しょうひん]が 登場[とうじょう]した。,名詞／する動詞,登場；推出,新商品登場了。,とうじょう
当然[とうぜん],[0] 平板,責任[せきにん]を 取[と]るのは 当然[とうぜん]だ。,副詞／名詞,當然,負責任是理所當然的。,とうぜん
到着[とうちゃく]（する）,[0] 平板,飛行機[ひこうき]は 時間通[じかんどお]りに 到着[とうちゃく]した。,名詞／する動詞,到達,飛機準時抵達。,とうちゃく
盗難[とうなん],[0] 平板,盗難[とうなん]事件[じけん]が 発生[はっせい]した。,名詞,失竊，被盜,發生了失竊事件。,とうなん
導入[どうにゅう]（する）,[0] 平板,新[あたら]しい 技術[ぎじゅつ]を 導入[どうにゅう]した。,名詞／する動詞,導入，引進,導入了新技術。,どうにゅう
投票[とうひょう]（する）,[0] 平板,市民[しみん]が 投票[とうひょう]に 参加[さんか]する。,名詞／する動詞,投票,市民參加投票。,とうひょう
豆腐[とうふ],[0] 平板,豆腐[とうふ]を 使[つか]って 料理[りょうり]する。,名詞,豆腐,用豆腐做料理。,とうふ
同僚[どうりょう],[0] 平板,同僚[どうりょう]と 昼食[ちゅうしょく]を 食[た]べた。,名詞,同事,和同事一起吃午餐。,どうりょう
都会[とかい],[0] 平板,都会[とかい]に 住[す]みたい。,名詞,都市、都會,我想住在大城市。,とかい
解く[とく],[1] 頭高,問題[もんだい]を 解[と]く。,動詞,解決、解開、解答,解題。,とく
得意[とくい]（な）,[2] 中高,彼[かれ]は 数学[すうがく]が 得意[とくい]だ。,な形容詞,擅長、拿手,他擅長數學。,とくい
読書[どくしょ],[1] 頭高,寝[ね]る前[まえ]に 読書[どくしょ]するのが 好[す]きです。,名詞／する動詞,讀書、閱讀,我喜歡睡前閱讀。,どくしょ
特色[とくしょく],[0] 平板,この町[まち]には 独特[どくとく]の 特色[とくしょく]がある。,名詞,特色,這個城鎮有其獨特的特色。,とくしょく
独身[どくしん],[0] 平板,彼[かれ]は まだ 独身[どくしん]だ。,名詞,獨身、單身,他還是單身。,どくしん
独身者[どくしんしゃ],[3] 中高,独身者[どくしんしゃ]の 割合[わりあい]が 増[ふ]えている。,名詞,單身的人,單身者比例正在增加。,どくしんしゃ
特[とく]に〜ない,—,特[とく]に 欲[ほ]しい 物[もの]は ない。,副詞,沒有特別～,沒有特別想要的東西。,とくに〜ない
特売品[とくばいひん],[0] 平板,スーパーで 特売品[とくばいひん]を 買[か]った。,名詞,特賣品,在超市買了特賣品。,とくばいひん
特別[とくべつ]（な）,[0] 平板,今日[きょう]は 特別[とくべつ]な 日[ひ]です。,な形容詞,特別的,今天是特別的一天。,とくべつ
解[と]ける,[2] 中高,誤解[ごかい]が 解[と]けた。,動詞（自）,化解、鬆開、解開,誤會解開了。,とける
溶[と]ける,[2] 中高,氷[こおり]が 溶[と]けた。,動詞（自）,融化,冰融化了。,とける
ところによって,—,ところによって 雨[あめ]が 降[ふ]るでしょう。,副詞,依地區～（常用於天氣預報）,各地可能有雨。,ところによって
登山[とざん],[0] 平板,夏[なつ]に 富士山[ふじさん]に 登山[とざん]したい。,名詞／する動詞,登山、爬山,夏天想爬富士山。,とざん
突然[とつぜん],[0] 平板,突然[とつぜん] 雨[あめ]が 降[ふ]り出[だ]した。,副詞／名詞,突然,突然下起了雨。,とつぜん
トップ,[1] 頭高,彼[かれ]は チームの トップです。,名詞,最高，最上層，第一位,他是隊伍的第一名。,トップ
届[とど]く,[2] 中高,手紙[てがみ]が 届[とど]いた。,動詞（自）,到達、收到；（光）照射到,收到信了。,とどく
飛[と]び乗[の]る,[4] 中高,電車[でんしゃ]に 飛[と]び乗[の]った。,動詞,跳上，躍上,跳上電車。,とびのる
扉[とびら],[0] 平板,扉[とびら]を 開[あ]ける。,名詞,門,打開門。,とびら
トマト,[1] 頭高,トマトを サラダに 入[い]れる。,名詞,番茄,把番茄放進沙拉裡。,トマト
ドラマ,[1] 頭高,日本[にほん]の ドラマが 好[す]きです。,名詞,電視劇,我喜歡日本電視劇。,ドラマ
取[と]り扱[あつか]い,[0] 平板,精密機器[せいみつきき]の 取[と]り扱[あつか]いに 注意[ちゅうい]してください。,名詞,操作、使用、接待、處理,操作精密儀器時請小心。,とりあつかい
取[と]り替[か]える,[4] 中高,壊[こわ]れた 電球[でんきゅう]を 取[と]り替[か]える。,動詞,交換、更換,換掉壞掉的燈泡。,とりかえる
取[と]り出[だ]す,[3] 中高,カバンから ノートを 取[と]り出[だ]す。,動詞,取出、拿出、掏出,從包包裡拿出筆記本。,とりだす
取[と]り直[なお]す,[4] 中高,気分[きぶん]を 取[と]り直[なお]して 頑張[がんば]ろう。,動詞,重新獲得；重振精神,打起精神再努力吧。,とりなおす
とり肉[にく],[0] 平板,とり肉[にく]の 料理[りょうり]を 作[つく]る。,名詞,雞肉,做雞肉料理。,とりにく
取引先[とりひきさき],[0] 平板,取引先[とりひきさき]と 会議[かいぎ]を 行[おこな]う。,名詞,客戶、貿易夥伴,和客戶開會。,とりひきさき
努力[どりょく],[0] 平板,もっと努力[どりょく]が必要[ひつよう]だ。,名詞・する,努力,需要更多努力。,どりょく
ドリンク,[2] 中高,ドリンクを一本[いっぽん]買[か]いました。,名詞,飲料,我買了一瓶飲料。,どリンク
トレーニング,[3] 中高,毎日[まいにち]トレーニングをしている。,名詞・する,訓練、鍛鍊,我每天都有訓練。,とれーにんぐ
ドレス,[1] 頭高,きれいなドレスを着[き]ています。,名詞,洋裝,她穿著漂亮的洋裝。,どれす
泥[どろ],[2] 中高,靴[くつ]が泥[どろ]だらけだ。,名詞,泥巴、泥,鞋子滿是泥巴。,どろ
ドロドロ,[0] 平板,雨[あめ]で道[みち]がドロドロだ。,副詞・形容動詞語幹,沾滿泥、泥濘,因為下雨路很泥濘。,どろどろ
どんどん,[1] 頭高,仕事[しごと]がどんどん進[すす]む。,副詞,不斷地,工作進展越來越快。,どんどん
内線[ないせん],[0] 平板,内線[ないせん]200にかけてください。,名詞,內線，分機,請撥內線 200。,ないせん
内容[ないよう],[0] 平板,内容[ないよう]を確認[かくにん]してください。,名詞,內容,請確認內容。,ないよう
仲[なか]がいい,—,二人[ふたり]はとても仲[なか]がいい。,表現,關係好,他們兩個感情很好。,なかがいい
仲直[なかなお]り,[3] 中高,昨日[きのう]友達[ともだち]と仲直[なかなお]りした。,名詞・する,和好,昨天和朋友和好了。,なかなおり
中身[なかみ],[3] 中高,箱[はこ]の中身[なかみ]を確認[かくにん]する。,名詞,內容，裡面的東西,確認箱子的內容物。,なかみ
仲[なか]よく,—,みんなで仲[なか]よく遊[あそ]びましょう。,副詞,友好地,大家一起友好地玩吧。,なかよく
鳴[な]き声[ごえ],[4] 中高,犬[いぬ]の鳴[な]き声[ごえ]が聞[き]こえる。,名詞,動物叫聲,聽得到狗叫聲。,なきごえ
泣[な]き虫[むし],[3] 中高,子供[こども]のころは泣[な]き虫[むし]だった。,名詞,愛哭鬼,小時候我是愛哭鬼。,なきむし
投[な]げる,[2] 中高,ボールを投[な]げる。,動詞・下一段,投、扔,把球投出去。,なげる
ナス,[1] 頭高,ナスの料理[りょうり]が好[す]きです。,名詞,茄子,我喜歡茄子料理。,なす
納豆[なっとう],[3] 中高,納豆[なっとう]を食[た]べたことがありますか。,名詞,納豆,你吃過納豆嗎？,なっとう
夏[なつ]バテ,[0] 平板,暑[あつ]さで夏[なつ]バテした。,名詞,夏日倦怠症,因為太熱得了夏季倦怠症。,なつばて
何事[なにごと],[0] 平板,何事[なにごと]も経験[けいけん]だ。,固定句,任何事情都是經驗,任何事情都是經驗。,なにごと
鍋[なべ],[1] 頭高,今夜[こんや]は鍋[なべ]にしよう。,名詞,鍋子、火鍋,今晚吃火鍋吧。,なべ
生[なま],[1] 頭高,生[なま]の魚[さかな]を食[た]べる。,名詞・形容動詞語幹,生的,吃生魚。,なま
生[なま]クリーム,[4] 中高,生[なま]クリームを使[つか]う。,名詞,生奶油,使用鮮奶油。,なまくりーむ
涙[なみだ],[1] 頭高,涙[なみだ]が出[で]てきた。,名詞,眼淚,流出眼淚。,なみだ
悩[なや]む,[2] 中高,将来[しょうらい]のことで悩[なや]んでいる。,動詞・五段,煩惱,為未來的事情煩惱。,なやむ
鳴[な]る,[0] 平板,電話[でんわ]が鳴[な]っている。,動詞・五段,叫、響,電話在響。,なる
慣[な]れる,[2] 中高,日本[にほん]の生活[せいかつ]に慣[な]れてきた。,動詞・下一段,習慣、適應,已經逐漸習慣日本的生活。,なれる
何[なん]といっても,—,何[なん]といっても健康[けんこう]が一番[いちばん]だ。,慣用句,不管怎麼說、畢竟,不管怎麼說，健康最重要。,なんといっても
似合[にあ]う,[2] 中高,その服[ふく]はあなたによく似合[にあ]う。,動詞・五段,合適、相配,那件衣服很適合你。,にあう
ニーズ,[1] 頭高,会社[かいしゃ]は市場[しじょう]のニーズを調査[ちょうさ]した。,名詞,需求,公司調查了市場需求。,にーず
逃[に]げ出[だ]す,[3] 中高,犯人[はんにん]が警察[けいさつ]から逃[に]げ出[だ]した。,動詞・五段,逃脫、逃離,犯人從警察那裡逃跑了。,にげだす
逃[に]げる,[2] 中高,危険[きけん]を感じ[かん]てその場[ば]から逃[に]げた。,動詞・下一段,逃跑,感到危險後從那裡逃走了。,にげる
偽物[にせもの],[0] 平板,これは本物[ほんもの]ではなく偽物[にせもの]だ。,名詞,假貨、仿冒品,這不是正版，而是假貨。,にせもの
日課[にっか],[0] 平板,読書[どくしょ]は私[わたし]の日課[にっか]です。,名詞,每日例行事務,閱讀是我的每日例行事務。,にっか
荷物入[にもつい]れ,[4] 中高,荷物入[にもつい]れに買[か]った物[もの]を入[い]れる。,名詞,提袋、包裝袋,把買的東西放進提袋裡。,にもついれ
入会[にゅうかい]（する）,[0] 平板,テニス部[ぶ]に入会[にゅうかい]した。,名詞・する,入會,加入了網球社。,にゅうかい
入会金[にゅうかいきん],[0] 平板,入会金[にゅうかいきん]として五千円[ごせんえん]払[はら]う。,名詞,入會費,支付了五千日圓的入會費。,にゅうかいきん
入金[にゅうきん]（する）,[0] 平板,給料[きゅうりょう]が口座[こうざ]に入金[にゅうきん]された。,名詞・する,入帳,薪水已經入帳。,にゅうきん
入社[にゅうしゃ]（する）,[0] 平板,春[はる]にこの会社[かいしゃ]に入社[にゅうしゃ]した。,名詞・する,進公司、入社,我春天進了這間公司。,にゅうしゃ
入力[にゅうりょく]（する）,[0] 平板,パスワードを入力[にゅうりょく]してください。,名詞・する,輸入,請輸入密碼。,にゅうりょく
似[に]る,[0] 平板,姉[あね]と私はよく似[に]ている。,動詞・上一段,像、相似,我和姊姊很像。,にる
人間[にんげん],[0] 平板,人間[にんげん]は社会的[しゃかいてき]な動物[どうぶつ]だ。,名詞,人類,人類是社會性動物。,にんげん
人間関係[にんげんかんけい],[5] 中高,人間関係[にんげんかんけい]で悩[なや]んでいる人[ひと]は多[おお]い。,名詞,人際關係,許多人為人際關係而煩惱。,にんげんかんけい
にんじん,[0] 平板,にんじんが苦手[にがて]です。,名詞,胡蘿蔔,我不太喜歡胡蘿蔔。,にんじん
人数[にんずう],[3] 中高,参加者[さんかしゃ]の人数[にんずう]を確認[かくにん]する。,名詞,人數,確認參加者的人數。,にんずう
抜[ぬ]ける,[0] 平板,髪[かみ]が抜[ぬ]ける。,動詞・下一段,脫落、掉落,頭髮掉了。,ぬける
盗[ぬす]む,[2] 中高,財布[さいふ]を盗[ぬす]まれた。,動詞・五段,偷、盜竊,皮包被偷了。,ぬすむ
塗[ぬ]る,[0] 平板,壁[かべ]に色[いろ]を塗[ぬ]る。,動詞・五段,塗、塗抹,在牆上塗顏色。,ぬる
根[ね],[1] 頭高,木[き]の根[ね]が広[ひろ]がっている。,名詞,根,樹根正在延展。,ね
値上[ねあ]がり（する）,[3] 中高,ガソリンが値上[ねあ]がりした。,名詞・する,漲價,汽油漲價了。,ねあがり
猫[ねこ]の 手[て]も借[か]りたい,—（慣用句）,今日[きょう]は忙[いそが]しすぎて、猫[ねこ]の手[て]も借[か]りたい。,慣用句,忙得不可開交、急需幫忙,今天忙得不可開交，恨不得多一雙手。,ねこのて も かりたい
値下[ねさ]げ（する）,[0] 平板,この商品[しょうひん]は 500 円[えん]値下[ねさ]げされた。,名詞・する,降價,這個商品降了 500 日圓。,ねさげ
ネット,[1] 頭高,ネットで情報[じょうほう]を調[しら]べる。,名詞,網路、互聯網,在網路上查資料。,ねっと
ネットショッピング,[5] 中高,ネットショッピングで服[ふく]を買[か]った。,名詞,網路購物,用網購買了衣服。,ねっとしょっぴんぐ
寝不足[ねぶそく],[0] 平板,昨夜[さくや]は寝不足[ねぶそく]だった。,名詞・な形,睡眠不足,昨天晚上睡眠不足。,ねぶそく
値札[ねふだ],[0] 平板,値札[ねふだ]を見[み]て値段[ねだん]を確[たし]かめる。,名詞,價格牌、標價牌,看標價牌確認價格。,ねふだ
寝坊[ねぼう]（する）,[0] 平板,今朝[けさ]寝坊[ねぼう]して遅刻[ちこく]した。,名詞・する,睡懶覺；睡過頭,今天早上睡過頭遲到了。,ねぼう
年度[ねんど],[1] 頭高,来年度[らいねんど]の計画[けいかく]を立[た]てる。,名詞,年度,制定下一年度的計畫。,ねんど
年末[ねんまつ],[0] 平板,年末[ねんまつ]は忙[いそが]しくなる。,名詞,年末,年底會變得很忙。,ねんまつ
年齢[ねんれい],[0] 平板,年齢[ねんれい]を聞[き]かれて答[こた]えた。,名詞,年齡,被問到年齡後回答了。,ねんれい
農園[のうえん],[0] 平板,週末[しゅうまつ]に農園[のうえん]へ行[い]く。,名詞,農園、農場,週末要去農園。,のうえん
農家[のうか],[1] 頭高,彼[かれ]の家[いえ]は農家[のうか]だ。,名詞,農家,他家是務農的農家。,のうか
農作物[のうさくもつ],[4] 中高,農作物[のうさくもつ]の収穫[しゅうかく]が始[はじ]まった。,名詞,農作物,農作物的收成開始了。,のうさくもつ
納品[のうひん]（する）,[0] 平板,商品[しょうひん]を納品[のうひん]した。,名詞・する,交貨、送貨,已經把商品交貨。,のうひん
残[のこ]り,[0] 平板,残[のこ]りはあと少[すこ]しだ。,名詞,剩餘、殘留,剩下的只剩一點點。,のこり
残[のこ]り1分[いっぷん]を切[き]る,—（表現）,残[のこ]り1分[いっぷん]を切[き]った。,表現,不到一分鐘,只剩不到一分鐘。,のこりいっぷん を きる
～の順[じゅん]に,—,受付[うけつけ]番号[ばんごう]の順[じゅん]に呼[よ]びます。,副詞的表現,按照～的順序,會按照受理號碼的順序叫號。,～のじゅん に
乗[の]せる,[2] 中高,荷物[にもつ]を車[くるま]に乗[の]せる。,動詞・下一段,裝載、放上,把行李放上車。,のせる
（試合[しあい]に）のぞむ,[2] 中高,明日[あした]の試合[しあい]にのぞむ。,動詞・五段,參加比賽；期望,迎接明天的比賽。,のぞむ
のどがかわく,—,暑[あつ]くてのどがかわいた。,表現,口渴,太熱了口渴。,のどがかわく
（売上[うりあげ]が）伸[の]びる,[2] 中高,売上[うりあげ]が伸[の]びている。,動詞・上一段,提高、增加（銷售）,銷售額正在增加。,のびる
延[の]びる,[2] 中高,会議[かいぎ]が延[の]びた。,動詞・上一段,延期、延長,會議延期了。,のびる
伸[の]びる,[2] 中高,身長[しんちょう]が伸[の]びた。,動詞・上一段,變長、長高,身高變高了。,のびる
のんびり,[3] 中高,休日[きゅうじつ]は家[いえ]でのんびり過[す]ごす。,副詞／する動詞,悠閒、無憂無慮,假日在家悠閒度過。,のんびり
のんびり（する）,[3] 中高,温泉[おんせん]でのんびりした。,名詞・する,放鬆地過；悠然自得,在溫泉放鬆地泡著。,のんびり
バーベキューパーティー,[6] 中高,週末[しゅうまつ]にバーベキューパーティーを開[ひら]く。,名詞,燒烤派對,週末要舉辦燒烤派對。,ばーべきゅーぱーてぃー
～倍[ばい],—（接尾語）,今年[ことし]の売上[うりあげ]は昨年[さくねん]の２倍[ばい]だ。,接尾詞,～倍數的單位,今年的業績是去年的兩倍。,〜ばい
倍[ばい]（＝2倍[にばい]）,[0] 平板,値段[ねだん]が倍[ばい]になった。,名詞,倍數,價格變成兩倍了。,ばい
バイク,[1] 頭高,彼[かれ]は毎日[まいにち]バイクで通勤[つうきん]している。,名詞,摩托車,他每天騎摩托車上班。,ばいく
売店[ばいてん],[0] 平板,駅[えき]の売店[ばいてん]で飲[の]み物[もの]を買[か]う。,名詞,小賣店、售貨亭,在車站的小賣店買飲料。,ばいてん
俳優[はいゆう],[0] 平板,彼[かれ]は有名[ゆうめい]な俳優[はいゆう]だ。,名詞,演員,他是有名的演員。,はいゆう
生[は]える,[2] 中高,春[はる]になると草[くさ]が生[は]えてくる。,動詞・下一段,生長、長出,到了春天草會長出來。,はえる
激[はげ]しい,[3] 中高,激[はげ]しい雨[あめ]が降[ふ]っている。,い形容詞,激烈、劇烈、猛烈,雨下得很大很猛烈。,はげしい
（お）はし,[2] 中高,おはしでご飯[はん]を食[た]べる。,名詞,筷子,用筷子吃飯。,はし
恥[は]ずかしい,[4] 中高,人前[ひとまえ]で歌[うた]うのは恥[は]ずかしい。,い形容詞,害羞、難為情、可恥,在別人面前唱歌會害羞。,はずかしい
肌[はだ],[1] 頭高,肌[はだ]が弱[よわ]いので気[き]をつけている。,名詞,皮膚,因為皮膚敏感所以要特別注意。,はだ
蜂[はち],[2] 中高,蜂[はち]に刺[さ]された。,名詞,蜜蜂,被蜜蜂叮了。,はち
ハチ公[こう],[0] 平板,渋谷駅[しぶやえき]前[まえ]のハチ公像[ぞう]で待[ま]ち合[あ]わせる。,專有名詞,忠犬八公,在澀谷站前的八公像碰面。,はちこう
はちみつ,[0] 平板,パンに はちみつ をかける。,名詞,蜂蜜,把蜂蜜淋在麵包上。,はちみつ
はっきり,[3] 中高,彼[かれ]の声[こえ]がはっきり聞[き]こえる。,副詞,清楚、明確,可以清楚聽到他的聲音。,はっきり
パック,[1] 頭高,夜[よる]にパックをして肌[はだ]をケアする。,名詞,面膜；包裝袋,晚上敷面膜保養皮膚。,ぱっく
抜群[ばつぐん]な,[0] 平板,彼[かれ]は抜群[ばつぐん]の才能[さいのう]を持[も]っている。,な形容詞,超群、出眾,他擁有超群的才能。,ばつぐん
発車[はっしゃ]（する）,[0] 平板,電車[でんしゃ]が発車[はっしゃ]します。,名詞・する,發車,電車要發車了。,はっしゃ
発生[はっせい]（する）,[0] 平板,トラブルが発生[はっせい]した。,名詞・する,發生,發生了問題。,はっせい
発送[はっそう]（する）,[0] 平板,商品[しょうひん]を発送[はっそう]した。,名詞・する,寄送、發送,已經把商品寄出了。,はっそう
発売[はつばい]（する）,[0] 平板,新商品[しんしょうひん]が今日[きょう]発売[はつばい]された。,名詞・する,發售、出售,新商品今天開始發售。,はつばい
ハト,[1] 頭高,公園[こうえん]にハトがたくさんいる。,名詞,鴿子,公園裡有很多鴿子。,はと
バドミントン,[5] 中高,友達[ともだち]とバドミントンをした。,名詞,羽毛球,和朋友打了羽毛球。,ばどみんとん
話[はな]し合[あ]い,[5] 中高,よく話[はな]し合[あ]いをして決[き]めましょう。,名詞,商量、商議、協商,我們好好商量後再決定吧。,はなしあい
話[はな]しかける,[5] 中高,知[し]らない人[ひと]に話[はな]しかけられた。,動詞,和…搭話、開口說話,被陌生人搭話了。,はなしかける
離[はな]す,[2] 中高,子供[こども]の手[て]を離[はな]さないでください。,動詞,放開、鬆手,請不要放開孩子的手。,はなす
花弁[はなびら],[4] 中高,花弁[はなびら]が風[かぜ]で舞[ま]っている。,名詞,花瓣,花瓣在風中飛舞。,はなびら
花見[はなみ],[3] 中高,週末[しゅうまつ]に花見[はなみ]に行[い]く。,名詞,賞花,週末要去賞花。,はなみ
花見客[はなみきゃく],[5] 中高,公園[こうえん]が花見客[はなみきゃく]で混[こ]んでいる。,名詞,賞花遊客,公園擠滿了賞花的遊客。,はなみきゃく
幅[はば],[0] 平板,道路[どうろ]の幅[はば]が広[ひろ]い。,名詞,寬度、幅度,道路的寬度很大。,はば
ハム,[1] 頭高,ハムサンドを食[た]べた。,名詞,火腿,吃了火腿三明治。,はむ
腹[はら]が立[た]つ,[1] 頭高,その言[こと]葉[ば]に腹[はら]が立[た]った。,慣用表現,生氣、惱怒,我被那句話惹火了。,はらがたつ
ばらばら,[0] 平板,書類[しょるい]がばらばらに散[ち]っている。,副詞,四散、凌亂,文件散得到處都是。,ばらばら
バランス,[2] 中高,食事[しょくじ]はバランスが大事[だいじ]だ。,名詞,平衡,飲食的均衡很重要。,ばらんす
パリ,[1] 頭高,一度[いちど]パリへ行[い]ってみたい。,固有名詞,巴黎,我想去巴黎一次看看。,ぱり
晴[は]れ,[2] 中高,明日[あした]は晴[は]れでしょう。,名詞,晴天,明天應該是晴天。,はれ
バレンタインデー,[6] 中高,バレンタインデーにチョコをもらった。,名詞,情人節,情人節收到巧克力。,ばれんたいんでー
～晩[ばん],—（接尾語）,三晩[みっばん]続[つづ]けて雨[あめ]が降[ふ]った。,接尾詞,～晚（夜晚的數量）,連續下了三個晚上雨。,〜ばん
半額[はんがく],[0] 平板,この商品[しょうひん]は今日[きょう]半額[はんがく]だ。,名詞,半價,這個商品今天半價。,はんがく
番組[ばんぐみ],[0] 平板,好[す]きな番組[ばんぐみ]を見[み]る。,名詞,節目,看喜歡的節目。,ばんぐみ
反対[はんたい]（する）,[0] 平板,その案[あん]には反対[はんたい]です。,名詞・する,反對,我反對那個提案。,はんたい
反対運動[はんたいうんどう],[5] 中高,市民[しみん]が反対運動[はんたいうんどう]を行[おこな]った。,名詞,反對運動、抗議,市民發起反對運動。,はんたいうんどう
反対方向[はんたいほうこう],[6] 中高,車[くるま]が反対方向[はんたいほうこう]へ走[はし]った。,名詞,相反方向,車子往相反方向開了。,はんたいほうこう
バンド,[0] 平板,友達[ともだち]とバンドを組[く]んでいる。,名詞,樂隊,跟朋友組了樂團。,ばんど
ハンドル,[0] 平板,ハンドルを右[みぎ]に切[き]る。,名詞,方向盤；手柄,把方向盤往右打。,はんどる
犯人[はんにん],[1] 頭高,犯人[はんにん]が捕[つか]まった。,名詞,犯人,犯人被抓到了。,はんにん
ハンバーガー,[5] 中高,昼[ひる]ご飯[はん]にハンバーガーを食[た]べた。,名詞,漢堡,中午吃了漢堡。,はんばーがー
～費[ひ],—（接尾語）,交通費[こうつうひ]が高[たか]い。,接尾詞,～費用、花費,交通費很高。,〜ひ
ピアス,[1] 頭高,新[あたら]しいピアスを買[か]った。,名詞,耳環、耳飾,買了新的耳環。,ぴあす
日当[ひあたり],[4] 中高,この部屋[へや]は日当[ひあたり]がいい。,名詞,日照、向陽,這個房間很陽光充足。,ひあたり
被害[ひがい],[1] 頭高,台風[たいふう]の被害[ひがい]が大[おお]きい。,名詞,被害、受災,颱風造成的災害很大。,ひがい
光[ひかり],[3] 中高,光[ひかり]が窓[まど]から入[はい]る。,名詞,光線,光線從窗戶照進來。,ひかり
日頃[ひごろ],[0] 平板,日頃[ひごろ]から運動[うんどう]している。,名詞,平時、平常,我平常有在運動。,ひごろ
ピザ,[1] 頭高,夕食[ゆうしょく]にピザを頼[たの]んだ。,名詞,披薩,晚餐點了披薩。,ぴざ
非常[ひじょう]に,[0] 平板,これは非常[ひじょう]に重要[じゅうよう]だ。,副詞,非常,這非常重要。,ひじょうに
筆記試験[ひっきしけん],[6] 中高,明日[あした]筆記試験[ひっきしけん]がある。,名詞,筆試,明天有筆試。,ひっきしけん
引っ越し[ひっこし],[0] 平板,来月[らいげつ]引っ越し[ひっこし]する。,名詞・する,搬家,下個月要搬家。,ひっこし
ピッチャー,[2] 中高,ピッチャーで水[みず]を注[そそ]ぐ。,名詞,水壺；投手,用水壺倒水。,ぴっちゃー
ヒット（する）,[1] 頭高,その映画[えいが]は大[おお]ヒットした。,名詞・する,大受歡迎、暢銷,那部電影大賣。,ひっと
（風邪が）ひどい,[2] 中高,風邪[かぜ]がひどくて会社[かいしゃ]を休[やす]んだ。,形容詞,嚴重（感冒等）,感冒很嚴重所以請假。,ひどい
一言[ひとこと],[2] 中高,一言[ひとこと]ありがとうと言[い]った。,名詞,一句話,只說了一句謝謝。,ひとこと
人混み[ひとごみ],[0] 平板,人混み[ひとごみ]が苦手[にがて]だ。,名詞,人群、人多,我不喜歡人多的地方。,ひとごみ
一晩[ひとばん],[2] 中高,一晩中[ひとばんじゅう]雨[あめ]が降[ふ]った。,名詞,一晚,下了一整晚的雨。,ひとばん
人々[ひとびと],[4] 中高,人々[ひとびと]が集[あつ]まってきた。,名詞,人們（不特定多人）,人們陸續聚集起來。,ひとびと
人前[ひとまえ],[0] 平板,人前[ひとまえ]で話[はな]すのが苦手[にがて]だ。,名詞,眾人面前,我不擅長在人前說話。,ひとまえ
ビニール袋[ぶくろ],[4] 中高,ビニール袋[ぶくろ]に入[い]れてください。,名詞,塑膠袋,請放進塑膠袋裡。,びにーるぶくろ
ひび,[2] 中高,コップにひびが入[はい]った。,名詞,裂痕、龜裂,杯子出現裂痕了。,ひび
秘密[ひみつ],[2] 中高,これは秘密[ひみつ]にしてね。,名詞,祕密,這件事要保密喔。,ひみつ
ひも,[0] 平板,ひもで荷物[にもつ]を縛[しば]る。,名詞,繩子,用繩子綁行李。,ひも
美容院[びよういん],[4] 中高,美容院[びよういん]で髪[かみ]を切[き]った。,名詞,美容院、美髮店,在美容院剪了頭髮。,びよういん
評価[ひょうか]（する）,[1] 頭高,成績[せいせき]を評価[ひょうか]する。,名詞・する,評價、評估,評價成績。,ひょうか
評判[ひょうばん],[0] 平板,この店[みせ]は評判[ひょうばん]がいい。,名詞,評判、名聲,這家店的評價很好。,ひょうばん
昼過ぎ[ひるすぎ],[0] 平板,昼過[ひるす]ぎに出発[しゅっぱつ]する。,名詞,下午、過了中午,下午出發。,ひるすぎ
広がる[ひろがる],[0] 平板,ニュースが広[ひろ]がった。,動詞,擴散、蔓延、變寬,消息傳開了。,ひろがる
広まる[ひろまる],[0] 平板,噂[うわさ]が広[ひろ]まった。,動詞,擴大、流傳,謠言傳開了。,ひろまる
ファイル,[1] 頭高,ファイルを整理[せいり]する。,名詞,文件夾,整理文件夾。,ふぁいる
ファストフード,[5] 中高,昼[ひる]にファストフードを食[た]べた。,名詞,速食、快餐,中午吃了速食。,ふぁすとふーど
ファッション,[2] 中高,彼女[かのじょ]はファッションに興味[きょうみ]がある。,名詞,時尚、流行,她對時尚有興趣。,ふぁっしょん
ファッションショー,[6] 中高,ファッションショーを見[み]に行[い]く。,名詞,時尚秀,去看時尚秀。,ふぁっしょんしょー
フィンランド,[3] 中高,フィンランドに旅行[りょこう]したい。,名詞,芬蘭,我想去芬蘭旅行。,ふぃんらんど
風景[ふうけい],[1] 頭高,山[やま]の風景[ふうけい]が美[うつく]しい。,名詞,風景,山景很美。,ふうけい
フォーク,[1] 頭高,フォークで食[た]べる。,名詞,叉子,用叉子吃。,ふぉーく
部下[ぶか],[1] 頭高,部下[ぶか]を指導[しどう]する。,名詞,部下、下屬,指導下屬。,ぶか
深まる[ふかまる],[3] 中高,理解[りかい]が深[ふか]まった。,動詞,加深、變深,理解加深了。,ふかまる
普及[ふきゅう]（する）,[0] 平板,スマホが普及[ふきゅう]している。,名詞・する,普及,智慧型手機普及中。,ふきゅう
ふきん,[2] 中高,ふきんで机[つくえ]を拭[ふ]く。,名詞,抹布,用抹布擦桌子。,ふきん
副作用[ふくさよう],[4] 中高,この薬[くすり]は副作用[ふくさよう]がある。,名詞,副作用,這個藥有副作用。,ふくさよう
復習[ふくしゅう]（する）,[0] 平板,授業[じゅぎょう]を復習[ふくしゅう]する。,名詞・する,複習,複習課程內容。,ふくしゅう
不景気[ふけいき],[2] 中高,不景気[ふけいき]が続[つづ]いている。,名詞,不景氣,不景氣持續中。,ふけいき
不健康[ふけんこう]な,[2] 中高,不健康[ふけんこう]な生活[せいかつ]を改[あらた]める。,形容動詞,不健康,改變不健康的生活。,ふけんこう
富士登山[ふじとざん],[0] 平板,今年[ことし]富士登山[ふじとざん]に挑戦[ちょうせん]する。,名詞,登富士山,今年挑戰登富士山。,ふじとざん
無事[ぶじ]に,[0] 平板,無事[ぶじ]に帰[かえ]ってきた。,副詞,平安無事地,平安無事地回來了。,ぶじに
不足[ふそく]（する）,[0] 平板,睡眠[すいみん]が不足[ふそく]している。,名詞・する,不足、不夠,睡眠不足。,ふそく
ふた,[0] 平板,なべにふたをする。,名詞,蓋子,給鍋子蓋上蓋子。,ふた
舞台[ぶたい],1（頭高）,舞台[ぶたい]に 立[た]つ のは 緊張[きんちょう]します。,名詞,舞臺,站上舞台會讓人緊張。,ぶたい
双子[ふたご],0（平板）,彼[かれ]らは 双子[ふたご]の 兄弟[きょうだい]です。,名詞,雙胞胎,他們是雙胞胎兄弟。,ふたご
普段[ふだん],1（頭高）,普段[ふだん]は コーヒーを 飲[の]みません。,名詞・副詞,平時,我平時不喝咖啡。,ふだん
負担[ふたん],0（平板）,彼[かれ]に 費用[ひよう]を 負担[ふたん]して もらいました。,名詞・サ変,負擔,我請他負擔費用。,ふたん
沸騰[ふっとう]する,0（平板）,お湯[ゆ]が 沸騰[ふっとう]しました。,サ変動詞,沸騰,水煮開了。,ふっとう・する
物理[ぶつり],1（頭高）,物理[ぶつり]の 授業[じゅぎょう]は 難[むずか]しいです。,名詞,物理,物理課很難。,ぶつり
不動産[ふどうさん],0（平板）,不動産[ふどうさん]を 買[か]う のは 大事[だいじ]な 決断[けつだん]です。,名詞,房地產,買房子是一個重要的決定。,ふどうさん
不動産屋[ふどうさんや],0（平板）,彼[かれ]は 不動産屋[ふどうさんや]です。,名詞,房仲,他是房仲。,ふどうさんや
太[ふと]る,2（中高）,最近[さいきん] 少[すこ]し 太[ふと]って しまいました。,動詞,變胖,最近有點胖了。,ふとる
不便[ふべん],1（頭高）,ご 不便[ふべん]を かけて 申し訳[もうしわけ]ありません。,名詞・な形,不方便,不好意思造成您的不便。,ふべん
不満[ふまん],0（平板）,彼[かれ]は 仕事[しごと]に 不満[ふまん]が あるようです。,名詞,不滿,他似乎對工作不滿。,ふまん
不要[ふよう]（な）,0（平板）,不要[ふよう]な 物[もの]を 捨[す]てました。,な形容詞,不需要的,我把不需要的東西丟掉了。,ふよう
プライベート,3（中高）,今日は プライベートな 用事[ようじ]があります。,名詞,私人的,今天我有私人行程。,ぷらいべーと
プラグ,1（頭高）,プラグを コンセントに さしてください。,名詞,插頭,請把插頭插上。,ぷらぐ
フラッシュ,2（中高）,カメラの フラッシュが 光[ひか]りました。,名詞,閃光燈,相機的閃光燈亮了。,ふらっしゅ
プラモデル,3（中高）,彼[かれ]は プラモデルを 作[つく]る のが 好[す]きです。,名詞,塑料模型,他喜歡做模型。,ぷらもでる
プラン,1（頭高）,新[あたら]しい プランを 考[かんが]えています。,名詞,計劃、企劃,我正在想新的方案。,ぷらん
フリーズする,1（頭高）,パソコンが フリーズしました。,サ変,當機,電腦當機了。,ふりーず・する
振込[ふりこみ],0（平板）,代金[だいきん]を 振込[ふりこみ]で 支払[しはら]います。,名詞,匯款,我用匯款付款。,ふりこみ
振る[ふる],1（頭高）,犬[いぬ]が しっぽを 振[ふ]っています。,動詞,搖、甩,狗在搖尾巴。,ふる
フルーツ,2（中高）,私[わたし]は フルーツが 好[す]きです。,名詞,水果,我喜歡水果。,ふるーつ
故郷[ふるさと],3（中高）,休[やす]みには 故郷[ふるさと]へ 帰[かえ]ります。,名詞,故鄉,假期我會回老家。,ふるさと
プレゼン,0（平板）,明日[あした] プレゼンがあります。,名詞,簡報,明天有簡報。,ぷれぜん
プレゼンテーション,4（中高）,プレゼンテーションを 準備[じゅんび]しています。,名詞,簡報,我正在準備簡報。,ぷれぜんてーしょん
プロ,1（頭高）,彼[かれ]は プロの 選手[せんしゅ]です。,名詞,專家、專業,他是專業選手。,ぷろ
プロフェッショナル,4（中高）,プロフェッショナルとして 働[はたら]いています。,名詞,專家,他以專家身份工作。,ぷろふぇっしょなる
プロジェクター,4（中高）,プロジェクターで 映画[えいが]を 映[うつ]しました。,名詞,投影機,我用投影機播放了電影。,ぷろじぇくたー
プロジェクト,3（中高）,新[あたら]しい プロジェクトが 始[はじ]まりました。,名詞,專案、項目,新專案開始了。,ぷろじぇくと
文章[ぶんしょう],1（頭高）,長[なが]い 文章[ぶんしょう]を 読[よ]みました。,名詞,文章、句子,我讀了一篇長文章。,ぶんしょう
分野[ぶんや],1（頭高）,IT 分野[ぶんや]で 働[はたら]いています。,名詞,領域、範疇,我在 IT 領域工作。,ぶんや
平気[へいき]（な）,0（平板）,彼[かれ]は 失敗[しっぱい]しても 平気[へいき]な 顔[かお]を していた。,な形容詞,平靜、淡定,他失敗了但仍然一臉淡定。,へいき
平均[へいきん],0（平板）,平均[へいきん]の 点数[てんすう]は 80 点[てん]です。,名詞,平均,平均分數是 80 分。,へいきん
平日[へいじつ],1（頭高）,平日[へいじつ]は 仕事[しごと]で 忙[いそが]しいです。,名詞,平日、平時,平日我很忙。,へいじつ
平和[へいわ]（な）,0（平板）,世界[せかい]が 平和[へいわ]に なりますように。,名詞・な形容詞,和平、和諧,希望世界變得和平。,へいわ
ペット,1（頭高）,ペットを 飼[か]っています。,名詞,寵物,我養了一隻寵物。,ぺっと
ヘッドホン,4（中高）,新[あたら]しい ヘッドホンを 買[か]いました。,名詞,耳機,我買了新的耳機。,へっどほん
ベランダ,0（平板）,ベランダに 植物[しょくぶつ]を 置[お]いています。,名詞,陽臺,我在陽台放了植物。,べらんだ
減[へ]る,1（頭高）,体重[たいじゅう]が 減[へ]ってきました。,動詞,減少,體重變少了。,へる
ベル,1（頭高）,ベルが 鳴[な]りました。,名詞,鈴聲、鐘聲,鈴聲響了。,べる
変換[へんかん]（する）,0（平板）,文字[もじ]を 変換[へんかん]してください。,サ変動詞,變換、轉換,請轉換文字。,へんかん
変換[へんかん]ミス,1（頭高） + 1,変換[へんかん]ミスが 多[おお]いです。,名詞,轉換錯誤,常常出現轉換錯誤。,へんかん・みす
返却[へんきゃく]（する）,0（平板）,本[ほん]を 返却[へんきゃく]しました。,サ変動詞,歸還、返還,我把書還了。,へんきゃく
変更[へんこう]（する）,0（平板）,予定[よてい]を 変更[へんこう]しました。,サ変動詞,更改、變更,我改變了行程。,へんこう
弁護士[べんごし],3（中高）,彼[かれ]は 弁護士[べんごし]です。,名詞,律師,他是律師。,べんごし
〜歩[ほ],1（頭高）,今日は 8000 歩[ほ] 歩[ある]きました。,單位詞,～步（計步單位）,今天走了 8000 步。,ほ
報告[ほうこく]（する）,0（平板）,上司[じょうし]に 報告[ほうこく]しました。,サ変動詞,報告,我向上司報告了。,ほうこく
報告書[ほうこくしょ],4（中高）,報告書[ほうこくしょ]を 作成[さくせい]しました。,名詞,報告書,我完成了報告書。,ほうこくしょ
方針[ほうしん],0（平板）,新[あたら]しい 方針[ほうしん]が 発表[はっぴょう]されました。,名詞,方針、政策,新的方針公布了。,ほうしん
放置[ほうち]（する）,1（頭高）,問題[もんだい]を 放置[ほうち]してはいけません。,サ変動詞,放置、置之不理,問題不能放著不管。,ほうち
方法[ほうほう],0（平板）,良[よ]い 方法[ほうほう]を 探[さが]しています。,名詞,方法,我正在尋找好方法。,ほうほう
ボウリング,0（平板）,週末[しゅうまつ]に ボウリングを 楽[たの]しみました。,名詞,保齡球,週末我去打了保齡球。,ぼうりんぐ
ボウル,1（頭高）,ボウルに 材料[ざいりょう]を 入[い]れます。,名詞,大碗、料理用容器,把材料放進大碗裡。,ぼうる
ホームステイ,4（中高）,夏休[なつやす]みに ホームステイを します。,名詞・サ変,寄宿家庭,暑假我要寄宿在當地家庭。,ほーむすてい
ホームページ,4（中高）,ホームページを 更新[こうしん]しました。,名詞,網頁、首頁,我更新了網站首頁。,ほーむぺーじ
保険[ほけん],0（平板）,保険[ほけん]に 加入[かにゅう]しました。,名詞,保險,我加入了保險。,ほけん
保険証[ほけんしょう],3（中高）,保険証[ほけんしょう]を 持[も]ってきてください。,名詞,健保卡、保險證,請帶健保卡來。,ほけんしょう
保護[ほご]（する）,1（頭高）,動物[どうぶつ]を 保護[ほご]しています。,名詞・サ変,保護,正在保護動物。,ほご
ほこり,0（平板）,部屋[へや]に ほこりが たまっています。,名詞,灰塵,房間裡積滿灰塵。,ほこり
星占い[ほしうらない],4（中高）,今日[きょう]の 星占[ほしうらな]いを 読[よ]みました。,名詞,占星、星座運勢,我看了今天的星座運勢。,ほしうらない
募集[ぼしゅう]（する）,0（平板）,新[あたら]しい メンバーを 募集[ぼしゅう]しています。,名詞・サ変,招募、招聘,正在招募新成員。,ぼしゅう
保障[ほしょう]（する）,0（平板）,権利[けんり]が 保障[ほしょう]されています。,名詞・サ変,保障,權利受到保障。,ほしょう
保存[ほぞん]（する）,0（平板）,データを 保存[ほぞん]しました。,名詞・サ変,保存,我已經保存資料。,ほぞん
骨[ほね],1（頭高）,骨[ほね]を 折[お]りました。,名詞,骨頭,我摔斷了骨頭。,ほね
本〜[ほん〜],1（頭高）,本社[ほんしゃ]の 方針[ほうしん]です。,接頭語,本～（這個／本公司的／我們的）,這是本公司的方針。,ほん～
本日[ほんじつ],1（頭高）,本日[ほんじつ]は 休業[きゅうぎょう]です。,名詞,今日（禮貌說法）,今日公休。,ほんじつ
本棚[ほんだな],3（中高）,本棚[ほんだな]に 本[ほん]を しまいました。,名詞,書架,我把書放進書架。,ほんだな
マイク,1（頭高）,マイクの 音量[おんりょう]を 上[あ]げてください。,名詞,麥克風,請把麥克風音量調大。,まいく
迷子[まいご],1（頭高）,子供[こども]が 迷子[まいご]に なりました。,名詞,迷路的小孩,小孩走失了。,まいご
孫[まご],2（中高）,孫[まご]に 会[あ]う のを 楽[たの]しみに しています。,名詞,孫子、孫女,我很期待見到孫子。,まご
誠[まこと]に,0（平板）,誠[まこと]に ありがとうございます。,副詞,衷心地、誠然地,衷心感謝您。,まことに
マスク,1（頭高）,マスクを つけてください。,名詞,口罩、面具,請戴上口罩。,ますく
まだまだです,4（中高）,「上手[じょうず]ですね」「いえ、まだまだです」,慣用句,還差得遠呢（被稱讚時的謙虛說法）,「你好厲害」「沒有啦，還差得遠呢」,まだまだです
待ち合わせ[まちあわせ],0（平板）,駅[えき]で 待[ま]ち合[あ]わせを しました。,名詞,相約見面、碰面,我們約在車站碰面。,まちあわせ
間違い[まちがい],3（中高）,小[ちい]さな 間違[まちが]いを しました。,名詞,錯誤,我犯了一個小錯。,まちがい
間違い電話[まちがいでんわ],6（中高）,間違[まちが]い電話[でんわ]が かかってきた。,名詞,打錯電話,收到了一通打錯的電話。,まちがいでんわ
末日[まつじつ],3（中高）,月末[げつまつ]の 末日[まつじつ]です。,名詞,末日、最後一天,今天是月底最後一天。,まつじつ
（話が）まとまる,0（平板）,話[はなし]が まとまりました。,動詞,（話題）整理好、總結,話題總算整理好了。,まとまる
（結果／データを）まとめる,4（中高）,データを まとめています。,動詞,歸納、整理,正在整理數據。,まとめる
真夏[まなつ],0（平板）,真夏[まなつ]の 暑[あつ]さです。,名詞,盛夏,是盛夏般的炎熱。,まなつ
真似[まね]（する）,0（平板）,子供[こども]が 私[わたし]の 真似[まね]を した。,名詞・サ変,模仿、效法,小孩模仿我。,まね
真冬[まふゆ],0（平板）,真冬[まふゆ]の 寒[さむ]さです。,名詞,嚴冬,是嚴冬般的寒冷。,まふゆ
守る[まもる],2（中高）,約束[やくそく]を 守[まも]りましょう。,動詞,保護、守護、遵守,我們要遵守約定。,まもる
満開[まんかい],0（平板）,桜[さくら]が 満開[まんかい]です。,名詞,盛開,櫻花正盛開。,まんかい
漫画家[まんがか],0（平板）,彼[かれ]は 漫画家[まんがか]です。,名詞,漫畫家,他是漫畫家。,まんがか
マンション,1（頭高）,マンションに 住[す]んでいます。,名詞,公寓,我住在公寓。,まんしょん
満足[まんぞく]（する）,1（頭高）,結果[けっか]に 満足[まんぞく]しています。,名詞・サ変,滿足,我對結果很滿意。,まんぞく
真ん中[まんなか],0（平板）,部屋[へや]の 真[ま]ん中[なか]に テーブルが あります。,名詞,正中央,房間正中間有一張桌子。,まんなか
見上げる[みあげる],4（中高）,空[そら]を 見上[みあ]げました。,動詞,仰望、抬頭看,我抬頭看天空。,みあげる
見合わせる[みあわせる],4（中高）,計画[けいかく]を 見合[みあ]わせることにした。,動詞,延後、暫緩,決定暫緩這項計畫。,みあわせる
味方[みかた],0（平板）,君[きみ]は 私[わたし]の 味方[みかた]だ。,名詞,我方、自己人,你是站在我這邊的人。,みかた
見頃[みごろ],2（中高）,紅葉[こうよう]が 見頃[みごろ]です。,名詞,正值欣賞的時期,楓葉正是觀賞的好時期。,みごろ
ミス（する）,1（頭高）,ミスを してしまいました。,名詞・サ変,失誤、錯過,我犯了錯。,みす
水不足[みずぶそく],4（中高）,今年[ことし]は 水不足[みずぶそく]が 心配[しんぱい]されています。,名詞,缺水、乾旱,今年可能會缺水。,みずぶそく
乱れる[みだれる],3（中高）,髪[かみ]が 乱[みだ]れています。,動詞,紊亂、散亂、混亂,頭髮亂了。,みだれる
港[みなと],0（平板）,船[ふね]が 港[みなと]に 着[つ]きました。,名詞,港口,船抵達港口了。,みなと
身分[みぶん],1（頭高）,身分[みぶん]を 証明[しょうめい]する 必要[ひつよう]があります。,名詞,身分、身份,需要證明你的身分。,みぶん
身分証明書[みぶんしょうめいしょ],7（中高）,身分証明書[みぶんしょうめいしょ]を 提出[ていしゅつ]してください。,名詞,身分證、ID,請出示你的身分證。,みぶんしょうめいしょ
ミリオンセラー,5（中高）,この本[ほん]は ミリオンセラーに なりました。,名詞,百萬冊暢銷品,這本書成為百萬暢銷書。,みりおんせらー
無〜[む〜],1（頭高）,無関係[むかんけい]です。,接頭語,無～、沒有～,彼此沒有關係。,む〜
向かう[むかう],0（平板）,家[いえ]に 向[む]かっています。,動詞,前往、面向,正在回家途中。,むかう
無視[むし]（する）,1（頭高）,注意[ちゅうい]を 無視[むし]してはいけません。,名詞・サ変,無視、忽略,不能忽視警告。,むし
娘[むすめ],2（中高）,娘[むすめ]は 高校生[こうこうせい]です。,名詞,女兒,我女兒是高中生。,むすめ
無駄[むだ]（な）,0（平板）,無駄[むだ]な 時間[じかん]を 使[つか]わないでください。,名詞・な形,浪費；無用的,請不要浪費時間。,むだ
夢中[むちゅう]（な）,0（平板）,子供[こども]は ゲームに 夢中[むちゅう]です。,名詞・な形,熱衷、入迷,小孩沉迷於遊戲。,むちゅう
むね肉[むねにく],3（中高）,鶏[とり]の むね肉[むねにく]を 使[つか]います。,名詞,雞胸肉,使用雞胸肉。,むねにく
無料[むりょう],0（平板）,このサービスは 無料[むりょう]です。,名詞,免費,這項服務是免費的。,むりょう
名刺[めいし],0（平板）,名刺[めいし]を 交換[こうかん]しました。,名詞,名片,我交換了名片。,めいし
名所[めいしょ],0（平板）,京都[きょうと]は 名所[めいしょ]が 多[おお]いです。,名詞,名勝、景點,京都有很多名勝。,めいしょ
迷惑[めいわく]（な）,1（頭高）,ご 迷惑[めいわく]を おかけしました。,名詞・な形,麻煩、困擾、添麻煩,造成您的麻煩，抱歉。,めいわく
迷惑メール,5（中高）,迷惑[めいわく]メールが 多[おお]いです。,名詞,垃圾郵件,最近垃圾郵件很多。,めいわくめーる
迷惑をかける,1（頭高）＋2,親[おや]に 迷惑[めいわく]を かけた。,表現,添麻煩,給父母添了麻煩。,めいわくをかける
目上[めうえ],0（平板）,目上[めうえ]の 人[ひと]に 失礼[しつれい]です。,名詞,上司、長輩,對長輩這樣很失禮。,めうえ
目が覚める[めがさめる],4（中高）,朝[あさ]早[はや]く 目[め]が 覚[さ]めました。,動詞,醒來,我一大早醒來了。,めがさめる
目が回る[めがまわる],4（中高）,忙[いそが]しすぎて 目[め]が 回[まわ]りそうです。,表現,頭昏目眩；非常忙,忙得快暈倒。,めがまわる
目薬[めぐすり],2（中高）,目薬[めぐすり]を さしてください。,名詞,眼藥水,請滴眼藥水。,めぐすり
恵まれる[めぐまれる],0（平板）,友達[ともだち]に 恵[めぐ]まれています。,動詞,受惠、得天獨厚,我很幸運擁有好朋友。,めぐまれる
目指す[めざす],2（中高）,医者[いしゃ]を 目指[めざ]しています。,動詞,以…為目標,以成為醫生為目標。,めざす
目覚まし時計[めざましどけい],6（中高）,目覚[めざ]まし時計[どけい]が 鳴[な]りました。,名詞,鬧鐘,鬧鐘響了。,めざましどけい
メダル,0（平板）,オリンピックで メダルを 取[と]りました。,名詞,獎章、獎牌,奧運上拿到獎牌。,めだる
目の前[めのまえ],4（中高）,目[め]の 前[まえ]に 海[うみ]が 広[ひろ]がっています。,名詞,眼前,眼前就是大海。,めのまえ
メモ（する）,1（頭高）,大事[だいじ]な ことを メモして おきました。,名詞・サ変,記錄、做筆記,我把重要的事情記下來了。,めも
メリット,1（頭高）,この 方法[ほうほう]には 多[おお]くの メリットがあります。,名詞,優點、好處,這方法有許多優點。,めりっと
〜面[めん],1（頭高）,良[よ]い 面[めん]と 悪[わる]い 面[めん]があります。,接尾語,～面（事物的一面）,有好的一面也有不好的一面。,めん
麺[めん],1（頭高）,この 店[みせ]は 麺[めん]が おいしいです。,名詞,麵、麵條,這家店的麵很好吃。,めん
燃える[もえる],0（平板）,家[いえ]が 燃[も]えて います。,動詞,燃燒、著火,房子著火了。,もえる
モーツァルト,1（頭高）,モーツァルトの 曲[きょく]を 聞[き]きました。,名詞,莫札特,我聽了莫札特的曲子。,もーつぁると
目的[もくてき],0（平板）,旅[たび]の 目的[もくてき]は 観光[かんこう]です。,名詞,目的,旅行的目的是觀光。,もくてき
文字[もじ],1（頭高）,小[ちい]さな 文字[もじ]が 読[よ]めません。,名詞,文字,我看不清小字。,もじ
持ち込み[もちこみ],0（平板）,飲食[いんしょく]の 持[も]ち込[こ]みは 禁止[きんし]です。,名詞,攜入、帶入,禁止攜帶飲食。,もちこみ
持ち物[もちもの],3（中高）,持[も]ち物[もの]を 確認[かくにん]してください。,名詞,隨身物品,請確認你的隨身物品。,もちもの
モデル,0（平板）,新[あたら]しい モデルが 発売[はつばい]されました。,名詞,模型、模特兒,新模型上市了。,もでる
戻す[もどす],2（中高）,元[もと]の 場所[ばしょ]に 戻[もど]してください。,動詞,放回、復原、倒回,請放回原位。,もどす
元の[もとの],2（中高）,元[もと]の 状態[じょうたい]に 戻[もど]りました。,連體詞,原本的、之前的,回到原本的狀態。,もとの
戻る[もどる],2（中高）,家[いえ]に 戻[もど]りました。,動詞,回、回到、返回,我回到家了。,もどる
もも肉[ももにく],3（中高）,鶏[とり]の もも肉[にく]を 買[か]いました。,名詞,（雞）腿肉,我買了雞腿肉。,ももにく
催し[もよおし],0（平板）,市[し]で 催[もよお]しが 開[ひら]かれています。,名詞,活動、集會、舉辦,市政府正在舉辦活動。,もよおし
森[もり],0（平板）,森[もり]の 中[なか]を 散歩[さんぽ]しました。,名詞,森林,我在森林裡散步。,もり
文句[もんく],1（頭高）,文句[もんく]ばかり 言[い]わないでください。,名詞,抱怨、不滿,請不要一直抱怨。,もんく
役[やく],1（頭高）,彼[かれ]は 主役[しゅやく]の 役[やく]を 演[えん]じました。,名詞,角色、職務,他演了主角的角色。,やく
訳す[やくす],1（頭高）,英語[えいご]を 日本語[にほんご]に 訳[やく]します。,動詞,翻譯,把英文翻成日文。,やくす
やせる,0（平板）,最近[さいきん] やせました。,動詞,變瘦,最近變瘦了。,やせる
家賃[やちん],1（頭高）,家賃[やちん]を 支払[しはら]いました。,名詞,房租,我付了房租。,やちん
薬局[やっきょく],3（中高）,薬局[やっきょく]で 風邪薬[かぜぐすり]を 買[か]いました。,名詞,藥局,我在藥局買了感冒藥。,やっきょく
やっぱり（＝やはり）,3（中高）,やっぱり 行[い]かないことに しました。,副詞,還是、果然（口語）,我還是決定不去了。,やっぱり
やはり,2（中高）,やはり 彼[かれ]が 正[ただ]しかった。,副詞,還是、果然,果然是他說得對。,やはり
山崩れ[やまくずれ],4（中高）,大雨[おおあめ]で 山崩[やまくず]れが 起[お]きた。,名詞,山崩,因大雨發生了山崩。,やまくずれ
山ほど,2（中高）,宿題[しゅくだい]が 山[やま]ほど あります。,副詞,非常多,作業多到像山一樣。,やまほど
（雨が）やむ,0（平板）,雨[あめ]が やみました。,動詞,（雨）停,雨停了。,やむ
やる気が出る,0（平板）＋2,褒[ほ]められて やる気[き]が 出[で]ました。,表現,有幹勁,被稱讚後變得有幹勁了。,やるきがでる
有給休暇[ゆうきゅうきゅうか],0（平板）,明日[あした]は 有給休暇[ゆうきゅうきゅうか]を 取[と]ります。,名詞,有薪休假,明天我要請有薪假。,ゆうきゅうきゅうか
優秀[ゆうしゅう]（な）,0（平板）,彼[かれ]は とても 優秀[ゆうしゅう]な 学生[がくせい]です。,な形,優秀,他是非常優秀的學生。,ゆうしゅう
優勝[ゆうしょう]（する）,0（平板）,日本[にほん]チームが 優勝[ゆうしょう]しました。,サ変,得冠軍、獲勝,日本隊得冠軍了。,ゆうしょう
友人[ゆうじん],0（平板）,友人[ゆうじん]と 久[ひさ]しぶりに 会[あ]いました。,名詞,朋友,久違地和朋友碰面。,ゆうじん
優先[ゆうせん]（する）,0（平板）,子供[こども]を 優先[ゆうせん]してください。,サ変,優先,請優先處理孩子的部分。,ゆうせん
ゆうべ,2（中高）,ゆうべは よく 眠[ねむ]れました。,名詞,昨晚,昨晚睡得很好。,ゆうべ
浴衣[ゆかた],0（平板）,夏祭[なつまつ]りで 浴衣[ゆかた]を 着[き]ました。,名詞,浴衣,我在夏日祭典穿了浴衣。,ゆかた
雪道[ゆきみち],3（中高）,雪道[ゆきみち]は 滑[すべ]りやすいです。,名詞,雪道、積雪的路,雪地路面很滑。,ゆきみち
ゆっくりする,3（中高）,週末[しゅうまつ]は ゆっくり しました。,動詞,慢慢地、好好放鬆,週末好好休息了。,ゆっくりする
ゆでたまご,4（中高）,ゆでたまごを 作[つく]りました。,名詞,水煮蛋,我煮了水煮蛋。,ゆでたまご
ユニフォーム,3（中高）,新[あたら]しい ユニフォームを 着[き]ました。,名詞,制服,我穿上了新制服。,ゆにふぉーむ
許す[ゆるす],2（中高）,彼[かれ]を 許[ゆる]して あげてください。,動詞,原諒、允許,請原諒他。,ゆるす
要求[ようきゅう]（する）,0（平板）,会社[かいしゃ]に 改善[かいぜん]を 要求[ようきゅう]しました。,サ変,要求、需要,我向公司提出改善要求。,ようきゅう
用件[ようけん],3（中高）,用件[ようけん]を 伺[うかが]いたいのですが。,名詞,事情、要事,想向您詢問一下事情。,ようけん
様子[ようす],0（平板）,子供[こども]の 様子[ようす]を 見[み]てください。,名詞,樣子、情況,請看看孩子的情況。,ようす
ヨーグルト,3（中高）,朝[あさ]ごはんに ヨーグルトを 食[た]べました。,名詞,優格,早餐吃了優格。,よーぐると
翌日[よくじつ],0（平板）,翌日[よくじつ]、 会議[かいぎ]が 行[おこな]われます。,名詞,隔天、第二天,隔天會舉行會議。,よくじつ
余計[よけい]（な）,0（平板）,余計[よけい]な 心配[しんぱい]を しないでください。,な形,多餘、不必要,不要多慮了。,よけい
汚れる[よごれる],0（平板）,服[ふく]が 汚[よご]れて しまいました。,動詞,弄髒、汙染,衣服弄髒了。,よごれる
予算[よさん],1（頭高）,今年[ことし]の 予算[よさん]を 決[き]めました。,名詞,預算,決定了今年的預算。,よさん
夜中[よなか],0（平板）,夜中[よなか]に 目[め]が 覚[さ]めた。,名詞,半夜、深夜,半夜醒來了。,よなか
世の中[よのなか],2（中高）,世[よ]の 中[なか]は いろいろな 人[ひと]が います。,名詞,世上、社會,世上有各式各樣的人。,よのなか
呼び出し[よびだし],0（平板）,上司[じょうし]から 呼[よ]び出[だ]しが ありました。,名詞,呼叫、傳喚,被上司叫過去。,よびだし
呼び出す[よびだす],3（中高）,先生[せんせい]に 呼[よ]び出[だ]されました。,動詞,叫出來、邀請、傳喚,我被老師叫了出去。,よびだす
予約制[よやくせい],0（平板）,この 施設[しせつ]は 予約制[よやくせい]です。,名詞,預約制,這個設施採預約制。,よやくせい
弱気[よわき]（な）,0（平板）,弱気[よわき]な 発言[はつげん]は やめましょう。,な形,軟弱、膽怯,不要講那麼膽怯的話。,よわき
来店[らいてん]（する）,0（平板）,ご 来店[らいてん] ありがとうございます。,サ変,蒞臨、光臨,感謝您的光臨。,らいてん
来日[らいにち]（する）,0（平板）,彼[かれ]は 来週[らいしゅう] 来日[らいにち]します。,サ変,來日本、到日本,他下週會來日本。,らいにち
ライバル,1（頭高）,彼[かれ]は 私[わたし]の ライバルです。,名詞,競爭對手,他是我的對手。,らいばる
落語[らくご],0（平板）,落語[らくご]を 聞[き]く のが 好[す]きです。,名詞,落語、日本相聲,我喜歡聽落語。,らくご
ランチタイム,3（中高）,ランチタイムに レストランへ 行[い]きました。,名詞,午餐時間,午餐時間去了餐廳。,らんちたいむ
ランニング,0（平板）,毎朝[まいあさ] ランニングを しています。,名詞,跑步,我每天早上跑步。,らんにんぐ
ランニングマシン,4（中高）,ランニングマシンで 運動[うんどう]しました。,名詞,跑步機,我在跑步機上運動。,らんにんぐましん
理解[りかい]（する）,1（頭高）,説明[せつめい]を 理解[りかい]しました。,サ変,理解、懂,我理解了說明。,りかい
理解ある,1（頭高）＋2,理解[りかい]ある 友達[ともだち]に 感謝[かんしゃ]しています。,表現,善解人意、通情達理,我很感謝善解人意的朋友。,りかいある
理科系[りかけい],0（平板）,彼[かれ]は 理科系[りかけい]の 学生[がくせい]です。,名詞,理科，理工科,他是理工科學生。,りかけい
理想[りそう],0（平板）,理想[りそう]の 仕事[しごと]を 見[み]つけました。,名詞,理想、稱心,找到理想的工作了。,りそう
リットル,2（中高）,1 リットルの 牛乳[ぎゅうにゅう]を 買[か]いました。,名詞,公升,我買了一公升的牛奶。,りっとる
立派[りっぱ]（な）,0（平板）,立派[りっぱ]な 建物[たてもの]です。,な形,出色、漂亮、宏偉,是一棟很宏偉的建築。,りっぱ
流行[りゅうこう]（する）,0（平板）,この 服[ふく]が 流行[りゅうこう]して います。,サ変,流行,這件衣服正流行。,りゅうこう
流行色[りゅうこうしょく],4（中高）,今年[ことし]の 流行色[りゅうこうしょく]は 青[あお]です。,名詞,流行色,今年的流行色是藍色。,りゅうこうしょく
利用者[りようしゃ],2（中高）,この サービスの 利用者[りようしゃ]が 増[ふ]えています。,名詞,使用者、用戶,這項服務的使用者正在增加。,りようしゃ
料理屋[りょうりや],4（中高）,近[ちか]くの 料理屋[りょうりや]で 食事[しょくじ]しました。,名詞,餐館,在附近的餐館用餐了。,りょうりや
理論[りろん],1（頭高）,彼[かれ]の 理論[りろん]は とても 興味深[きょうみぶか]いです。,名詞,理論,他的理論非常有趣。,りろん
留守[るす],1（頭高）,留守[るす]でしたので、 電話[でんわ]に 出[で]られませんでした。,名詞,不在家,因為不在家，沒能接電話。,るす
留守にする[るすにする],1（頭高）＋0,明日[あした]は 一日中[いちにちじゅう] 留守[るす]に します。,動詞表現,不在家，外出,明天整天不在家。,るすにする
冷凍庫[れいとうこ],3（中高）,冷凍庫[れいとうこ]に 肉[にく]を 入[い]れました。,名詞,冷凍庫,把肉放進冷凍庫了。,れいとうこ
例年[れいねん],0（平板）,例年[れいねん]どおりの 気温[きおん]です。,名詞,往年、常年,和往年一樣的氣溫。,れいねん
レシピ,1（頭高）,この レシピは とても 簡単[かんたん]です。,名詞,食譜,這份食譜很簡單。,れしぴ
連続[れんぞく]（する）,0（平板）,三日間[みっかかん] 連続[れんぞく]で 雨[あめ]が 降[ふ]りました。,名詞・サ変,連續,下了三天雨。,れんぞく
レンタル,1（頭高）,自転車[じてんしゃ]を レンタルしました。,名詞,出租、租賃,租了腳踏車。,れんたる
録画[ろくが]（する）,0（平板）,番組[ばんぐみ]を 録画[ろくが]しました。,名詞・サ変,錄影,我把節目錄影了。,ろくが
ロレックス,2（中高）,彼[かれ]は ロレックスの 時計[とけい]を 持[も]っています。,名詞,勞力士,他有一支勞力士。,ろれっくす
論文[ろんぶん],0（平板）,大学[だいがく]で 論文[ろんぶん]を書[か]きました。,名詞,論文,我在大學寫了論文。,ろんぶん
ワイワイ,1（頭高）,子供[こども]たちが ワイワイ 騒[さわ]いでいます。,副詞,歡呼、吵鬧,小孩們在吵吵鬧鬧。,わいわい
若い[わかい],2（中高）,彼[かれ]は まだ 若[わか]いです。,形容詞,年輕,他還很年輕。,わかい
和菓子[わがし],2（中高）,和菓子[わがし]が 好[す]きです。,名詞,和菓子、日式甜點,我喜歡和菓子。,わがし
わが社[わがしゃ],1（頭高）,わが社[しゃ]の 製品[せいひん]です。,名詞,敝公司,這是敝公司的產品。,わがしゃ
若者[わかもの],0（平板）,若者[わかもの]の 文化[ぶんか]に 興味[きょうみ]があります。,名詞,年輕人,我對年輕人的文化有興趣。,わかもの
わけ（＝理由）,1（頭高）,それには 深[ふか]い わけが あります。,名詞,理由、原因,這裡面有很深的原因。,わけ
わざわざ,1（頭高）,わざわざ 来[き]てくれて ありがとう。,副詞,特地、特意,謝謝你特地來。,わざわざ
渡り鳥[わたりどり],4（中高）,渡[わた]り鳥[どり]が 南[みなみ]へ 飛[と]んでいく。,名詞,候鳥,候鳥往南飛。,わたりどり
わびる,2（中高）,失礼[しつれい]を わびます。,動詞,道歉、賠不是,我為失禮之處道歉。,わびる
悪口[わるくち],4（中高）,彼[かれ]の 悪口[わるくち]を 言[い]わないで。,名詞,壞話、惡言,不要說他的壞話。,わるくち
われわれ,3（中高）,われわれの 使命[しめい]です。,代名詞,我們（較文雅）,這是我們的使命。,われわれ
ワンシーン,3（中高）,これは 映画[えいが]の ワンシーンです。,名詞,一個場景,這是電影裡的一幕。,わんしーん
ワンちゃん,1（頭高）,その ワンちゃんは とても おとなしいですね。,名詞,狗狗（對別人家的狗的稱呼）,那隻狗狗很乖耶。,わんちゃん
1DK（ワンディーケー）,5（中高）,この 部屋[へや]は 1DKです。,名詞,一室一廳,這間房是 1DK。,わんでぃーけー
ワンルーム,3（中高）,ワンルームに 住[す]んでいます。,名詞,單間套房、一個房間的公寓,我住在單間套房。,わんるーむ